USE [master]
GO
IF EXISTS(select * from sys.databases where name='HTCbook')
DROP DATABASE HTCbook
GO
CREATE DATABASE [HTCbook]
GO
USE [HTCbook]
GO
/****** Object:  Table [dbo].[__MigrationHistory]    Script Date: 22/6/2016 2:04:11 PM ******/
SET ANSI_NULLS ON
GO
SET QUOTED_IDENTIFIER ON
GO
SET ANSI_PADDING ON
GO
CREATE TABLE [dbo].[__MigrationHistory](
	[MigrationId] [nvarchar](150) NOT NULL,
	[ContextKey] [nvarchar](300) NOT NULL,
	[Model] [varbinary](max) NOT NULL,
	[ProductVersion] [nvarchar](32) NOT NULL,
 CONSTRAINT [PK_dbo.__MigrationHistory] PRIMARY KEY CLUSTERED 
(
	[MigrationId] ASC,
	[ContextKey] ASC
)WITH (PAD_INDEX = OFF, STATISTICS_NORECOMPUTE = OFF, IGNORE_DUP_KEY = OFF, ALLOW_ROW_LOCKS = ON, ALLOW_PAGE_LOCKS = ON) ON [PRIMARY]
) ON [PRIMARY] TEXTIMAGE_ON [PRIMARY]

GO
SET ANSI_PADDING OFF
GO
/****** Object:  Table [dbo].[AspNetRoles]    Script Date: 22/6/2016 2:04:12 PM ******/
SET ANSI_NULLS ON
GO
SET QUOTED_IDENTIFIER ON
GO
CREATE TABLE [dbo].[AspNetRoles](
	[Id] [nvarchar](128) NOT NULL,
	[Name] [nvarchar](max) NOT NULL,
 CONSTRAINT [PK_dbo.AspNetRoles] PRIMARY KEY CLUSTERED 
(
	[Id] ASC
)WITH (PAD_INDEX = OFF, STATISTICS_NORECOMPUTE = OFF, IGNORE_DUP_KEY = OFF, ALLOW_ROW_LOCKS = ON, ALLOW_PAGE_LOCKS = ON) ON [PRIMARY]
) ON [PRIMARY] TEXTIMAGE_ON [PRIMARY]

GO
/****** Object:  Table [dbo].[AspNetUserClaims]    Script Date: 22/6/2016 2:04:12 PM ******/
SET ANSI_NULLS ON
GO
SET QUOTED_IDENTIFIER ON
GO
CREATE TABLE [dbo].[AspNetUserClaims](
	[Id] [int] IDENTITY(1,1) NOT NULL,
	[ClaimType] [nvarchar](max) NULL,
	[ClaimValue] [nvarchar](max) NULL,
	[User_Id] [nvarchar](128) NOT NULL,
 CONSTRAINT [PK_dbo.AspNetUserClaims] PRIMARY KEY CLUSTERED 
(
	[Id] ASC
)WITH (PAD_INDEX = OFF, STATISTICS_NORECOMPUTE = OFF, IGNORE_DUP_KEY = OFF, ALLOW_ROW_LOCKS = ON, ALLOW_PAGE_LOCKS = ON) ON [PRIMARY]
) ON [PRIMARY] TEXTIMAGE_ON [PRIMARY]

GO
/****** Object:  Table [dbo].[AspNetUserLogins]    Script Date: 22/6/2016 2:04:12 PM ******/
SET ANSI_NULLS ON
GO
SET QUOTED_IDENTIFIER ON
GO
CREATE TABLE [dbo].[AspNetUserLogins](
	[UserId] [nvarchar](128) NOT NULL,
	[LoginProvider] [nvarchar](128) NOT NULL,
	[ProviderKey] [nvarchar](128) NOT NULL,
 CONSTRAINT [PK_dbo.AspNetUserLogins] PRIMARY KEY CLUSTERED 
(
	[UserId] ASC,
	[LoginProvider] ASC,
	[ProviderKey] ASC
)WITH (PAD_INDEX = OFF, STATISTICS_NORECOMPUTE = OFF, IGNORE_DUP_KEY = OFF, ALLOW_ROW_LOCKS = ON, ALLOW_PAGE_LOCKS = ON) ON [PRIMARY]
) ON [PRIMARY]

GO
/****** Object:  Table [dbo].[AspNetUserRoles]    Script Date: 22/6/2016 2:04:12 PM ******/
SET ANSI_NULLS ON
GO
SET QUOTED_IDENTIFIER ON
GO
CREATE TABLE [dbo].[AspNetUserRoles](
	[UserId] [nvarchar](128) NOT NULL,
	[RoleId] [nvarchar](128) NOT NULL,
 CONSTRAINT [PK_dbo.AspNetUserRoles] PRIMARY KEY CLUSTERED 
(
	[UserId] ASC,
	[RoleId] ASC
)WITH (PAD_INDEX = OFF, STATISTICS_NORECOMPUTE = OFF, IGNORE_DUP_KEY = OFF, ALLOW_ROW_LOCKS = ON, ALLOW_PAGE_LOCKS = ON) ON [PRIMARY]
) ON [PRIMARY]

GO
/****** Object:  Table [dbo].[AspNetUsers]    Script Date: 22/6/2016 2:04:12 PM ******/
SET ANSI_NULLS ON
GO
SET QUOTED_IDENTIFIER ON
GO
CREATE TABLE [dbo].[AspNetUsers](
	[Id] [nvarchar](128) NOT NULL,
	[UserName] [nvarchar](max) NULL,
	[PasswordHash] [nvarchar](max) NULL,
	[SecurityStamp] [nvarchar](max) NULL,
	[Discriminator] [nvarchar](128) NOT NULL,
	[FirstName] [nvarchar](max) NULL,
	[LastName] [nvarchar](max) NULL,
	[EmailID] [nvarchar](max) NULL,
 CONSTRAINT [PK_dbo.AspNetUsers] PRIMARY KEY CLUSTERED 
(
	[Id] ASC
)WITH (PAD_INDEX = OFF, STATISTICS_NORECOMPUTE = OFF, IGNORE_DUP_KEY = OFF, ALLOW_ROW_LOCKS = ON, ALLOW_PAGE_LOCKS = ON) ON [PRIMARY]
) ON [PRIMARY] TEXTIMAGE_ON [PRIMARY]

GO
/****** Object:  Table [dbo].[CTYPHATHANH]    Script Date: 22/6/2016 2:04:12 PM ******/
SET ANSI_NULLS ON
GO
SET QUOTED_IDENTIFIER ON
GO
CREATE TABLE [dbo].[CTYPHATHANH](
	[MaCTPH] [int] IDENTITY(1,1) NOT NULL,
	[TenCTPH] [nvarchar](50) NOT NULL,
	[MaTinhTrangCTPH] [int] NOT NULL,
 CONSTRAINT [PK_CTYPHATHANH] PRIMARY KEY CLUSTERED 
(
	[MaCTPH] ASC
)WITH (PAD_INDEX = OFF, STATISTICS_NORECOMPUTE = OFF, IGNORE_DUP_KEY = OFF, ALLOW_ROW_LOCKS = ON, ALLOW_PAGE_LOCKS = ON) ON [PRIMARY]
) ON [PRIMARY]

GO
/****** Object:  Table [dbo].[HOADON]    Script Date: 22/6/2016 2:04:12 PM ******/
SET ANSI_NULLS ON
GO
SET QUOTED_IDENTIFIER ON
GO
CREATE TABLE [dbo].[HOADON](
	[MaHD] [int] IDENTITY(1,1) NOT NULL,
	[MaUser] [nchar](50) NOT NULL,
	[TenNguoiMua] [nvarchar](50) NOT NULL,
	[TinhTrangHD] [nvarchar](50) NOT NULL CONSTRAINT [DF_HOADON_MaTinhTrangHD]  DEFAULT ((1)),
	[DiaChiGiaoHang] [nvarchar](max) NOT NULL,
	[SDT] [nchar](11) NOT NULL,
	[GhiChu] [nvarchar](50) NULL,
	[TongTien] [float] NOT NULL,
	[NgayMua] [date] NOT NULL,
 CONSTRAINT [PK_HOADON] PRIMARY KEY CLUSTERED 
(
	[MaHD] ASC
)WITH (PAD_INDEX = OFF, STATISTICS_NORECOMPUTE = OFF, IGNORE_DUP_KEY = OFF, ALLOW_ROW_LOCKS = ON, ALLOW_PAGE_LOCKS = ON) ON [PRIMARY]
) ON [PRIMARY] TEXTIMAGE_ON [PRIMARY]

GO
/****** Object:  Table [dbo].[LOAIUSER]    Script Date: 22/6/2016 2:04:12 PM ******/
SET ANSI_NULLS ON
GO
SET QUOTED_IDENTIFIER ON
GO
CREATE TABLE [dbo].[LOAIUSER](
	[MaLoaiUser] [int] IDENTITY(1,1) NOT NULL,
	[TenLoaiUser] [nvarchar](50) NOT NULL,
 CONSTRAINT [PK_LOAIUSER] PRIMARY KEY CLUSTERED 
(
	[MaLoaiUser] ASC
)WITH (PAD_INDEX = OFF, STATISTICS_NORECOMPUTE = OFF, IGNORE_DUP_KEY = OFF, ALLOW_ROW_LOCKS = ON, ALLOW_PAGE_LOCKS = ON) ON [PRIMARY]
) ON [PRIMARY]

GO
/****** Object:  Table [dbo].[NXB]    Script Date: 22/6/2016 2:04:12 PM ******/
SET ANSI_NULLS ON
GO
SET QUOTED_IDENTIFIER ON
GO
CREATE TABLE [dbo].[NXB](
	[MaNXB] [int] IDENTITY(1,1) NOT NULL,
	[MaTinhTrangNXB] [int] NOT NULL CONSTRAINT [DF_NXB_MaTinhTrangNXB]  DEFAULT ((1)),
	[TenNXB] [nvarchar](50) NOT NULL,
 CONSTRAINT [PK_NXB] PRIMARY KEY CLUSTERED 
(
	[MaNXB] ASC
)WITH (PAD_INDEX = OFF, STATISTICS_NORECOMPUTE = OFF, IGNORE_DUP_KEY = OFF, ALLOW_ROW_LOCKS = ON, ALLOW_PAGE_LOCKS = ON) ON [PRIMARY]
) ON [PRIMARY]

GO
/****** Object:  Table [dbo].[SANPHAM]    Script Date: 22/6/2016 2:04:12 PM ******/
SET ANSI_NULLS ON
GO
SET QUOTED_IDENTIFIER ON
GO
CREATE TABLE [dbo].[SANPHAM](
	[MaSP] [int] IDENTITY(1,1) NOT NULL,
	[TenSP] [nvarchar](50) NOT NULL,
	[TacGia] [nvarchar](50) NOT NULL,
	[KichThuoc] [nchar](20) NOT NULL,
	[TrongLuong] [nchar](10) NOT NULL,
	[NgayPhatHanh] [date] NOT NULL,
	[Gia] [decimal](18, 0) NULL,
	[HinhAnh] [ntext] NOT NULL,
	[MoTa] [nvarchar](max) NOT NULL,
	[LuotXem] [int] NOT NULL,
	[SLNhap] [int] NOT NULL,
	[SLBan] [int] NOT NULL,
	[MaTheLoai] [int] NOT NULL,
	[MaCTPH] [int] NOT NULL,
	[MaNhaXuatBan] [int] NOT NULL,
	[MaTTSP] [int] NOT NULL,
 CONSTRAINT [PK_SANPHAM] PRIMARY KEY CLUSTERED 
(
	[MaSP] ASC
)WITH (PAD_INDEX = OFF, STATISTICS_NORECOMPUTE = OFF, IGNORE_DUP_KEY = OFF, ALLOW_ROW_LOCKS = ON, ALLOW_PAGE_LOCKS = ON) ON [PRIMARY]
) ON [PRIMARY] TEXTIMAGE_ON [PRIMARY]

GO
/****** Object:  Table [dbo].[TAIKHOAN]    Script Date: 22/6/2016 2:04:12 PM ******/
SET ANSI_NULLS ON
GO
SET QUOTED_IDENTIFIER ON
GO
CREATE TABLE [dbo].[TAIKHOAN](
	[UserName] [nchar](50) NOT NULL,
	[Password] [ntext] NOT NULL,
	[HoTen] [nvarchar](50) NOT NULL,
	[Email] [ntext] NOT NULL,
	[SDT] [nchar](11) NOT NULL,
	[DiaChi] [nvarchar](max) NOT NULL,
	[NgaySinh] [date] NOT NULL,
	[Avatar] [ntext] NULL,
	[MaTinhTrang] [int] NOT NULL,
	[MaLoai] [int] NOT NULL,
 CONSTRAINT [PK_TAIKHOAN] PRIMARY KEY CLUSTERED 
(
	[UserName] ASC
)WITH (PAD_INDEX = OFF, STATISTICS_NORECOMPUTE = OFF, IGNORE_DUP_KEY = OFF, ALLOW_ROW_LOCKS = ON, ALLOW_PAGE_LOCKS = ON) ON [PRIMARY]
) ON [PRIMARY] TEXTIMAGE_ON [PRIMARY]

GO
/****** Object:  Table [dbo].[THELOAI]    Script Date: 22/6/2016 2:04:12 PM ******/
SET ANSI_NULLS ON
GO
SET QUOTED_IDENTIFIER ON
GO
CREATE TABLE [dbo].[THELOAI](
	[MaTheLoai] [int] IDENTITY(1,1) NOT NULL,
	[TenTheLoai] [nvarchar](50) NOT NULL,
 CONSTRAINT [PK_THELOAI] PRIMARY KEY CLUSTERED 
(
	[MaTheLoai] ASC
)WITH (PAD_INDEX = OFF, STATISTICS_NORECOMPUTE = OFF, IGNORE_DUP_KEY = OFF, ALLOW_ROW_LOCKS = ON, ALLOW_PAGE_LOCKS = ON) ON [PRIMARY]
) ON [PRIMARY]

GO
/****** Object:  Table [dbo].[TINHTRANGCTPH]    Script Date: 22/6/2016 2:04:12 PM ******/
SET ANSI_NULLS ON
GO
SET QUOTED_IDENTIFIER ON
GO
CREATE TABLE [dbo].[TINHTRANGCTPH](
	[MaTTCTPH] [int] IDENTITY(1,1) NOT NULL,
	[TenTinhTrang] [nvarchar](50) NOT NULL,
 CONSTRAINT [PK_TINHTRANGCTPH] PRIMARY KEY CLUSTERED 
(
	[MaTTCTPH] ASC
)WITH (PAD_INDEX = OFF, STATISTICS_NORECOMPUTE = OFF, IGNORE_DUP_KEY = OFF, ALLOW_ROW_LOCKS = ON, ALLOW_PAGE_LOCKS = ON) ON [PRIMARY]
) ON [PRIMARY]

GO
/****** Object:  Table [dbo].[TINHTRANGNXB]    Script Date: 22/6/2016 2:04:12 PM ******/
SET ANSI_NULLS ON
GO
SET QUOTED_IDENTIFIER ON
GO
CREATE TABLE [dbo].[TINHTRANGNXB](
	[MaTTNXB] [int] IDENTITY(1,1) NOT NULL,
	[TenTinhTrang] [nvarchar](50) NOT NULL,
 CONSTRAINT [PK_TINHTRANGNXB] PRIMARY KEY CLUSTERED 
(
	[MaTTNXB] ASC
)WITH (PAD_INDEX = OFF, STATISTICS_NORECOMPUTE = OFF, IGNORE_DUP_KEY = OFF, ALLOW_ROW_LOCKS = ON, ALLOW_PAGE_LOCKS = ON) ON [PRIMARY]
) ON [PRIMARY]

GO
/****** Object:  Table [dbo].[TINHTRANGSP]    Script Date: 22/6/2016 2:04:12 PM ******/
SET ANSI_NULLS ON
GO
SET QUOTED_IDENTIFIER ON
GO
CREATE TABLE [dbo].[TINHTRANGSP](
	[MaTinhTrangSP] [int] IDENTITY(1,1) NOT NULL,
	[TenTinhTrang] [nvarchar](50) NOT NULL,
 CONSTRAINT [PK_TINHTRANGSP] PRIMARY KEY CLUSTERED 
(
	[MaTinhTrangSP] ASC
)WITH (PAD_INDEX = OFF, STATISTICS_NORECOMPUTE = OFF, IGNORE_DUP_KEY = OFF, ALLOW_ROW_LOCKS = ON, ALLOW_PAGE_LOCKS = ON) ON [PRIMARY]
) ON [PRIMARY]

GO
/****** Object:  Table [dbo].[TINHTRANGUSER]    Script Date: 22/6/2016 2:04:12 PM ******/
SET ANSI_NULLS ON
GO
SET QUOTED_IDENTIFIER ON
GO
CREATE TABLE [dbo].[TINHTRANGUSER](
	[MaTT] [int] IDENTITY(1,1) NOT NULL,
	[TenTT] [nvarchar](50) NOT NULL,
 CONSTRAINT [PK_TINHTRANGUSER] PRIMARY KEY CLUSTERED 
(
	[MaTT] ASC
)WITH (PAD_INDEX = OFF, STATISTICS_NORECOMPUTE = OFF, IGNORE_DUP_KEY = OFF, ALLOW_ROW_LOCKS = ON, ALLOW_PAGE_LOCKS = ON) ON [PRIMARY]
) ON [PRIMARY]

GO
/****** Object:  View [dbo].[ViewCTPH]    Script Date: 22/6/2016 2:04:12 PM ******/
SET ANSI_NULLS ON
GO
SET QUOTED_IDENTIFIER ON
GO
CREATE VIEW [dbo].[ViewCTPH]
AS
SELECT     dbo.CTYPHATHANH.MaCTPH, dbo.CTYPHATHANH.TenCTPH, dbo.SANPHAM.MaSP, dbo.SANPHAM.TenSP, dbo.SANPHAM.Gia, dbo.SANPHAM.HinhAnh
FROM         dbo.CTYPHATHANH INNER JOIN
                      dbo.SANPHAM ON dbo.CTYPHATHANH.MaCTPH = dbo.SANPHAM.MaCTPH



GO
/****** Object:  View [dbo].[ViewHOADON]    Script Date: 22/6/2016 2:04:12 PM ******/
SET ANSI_NULLS ON
GO
SET QUOTED_IDENTIFIER ON
GO
CREATE VIEW [dbo].[ViewHOADON]
AS
SELECT        dbo.HOADON.MaHD AS Expr1, dbo.HOADON.MaUser AS Expr2, dbo.HOADON.*, dbo.HOADON.TenNguoiMua AS Expr3, dbo.HOADON.TinhTrangHD AS Expr4, dbo.HOADON.DiaChiGiaoHang AS Expr5, 
                         dbo.HOADON.SDT AS Expr6, dbo.HOADON.GhiChu AS Expr7, dbo.HOADON.TongTien AS Expr8, dbo.HOADON.NgayMua AS Expr9, dbo.AspNetUsers.Id
FROM            dbo.AspNetUsers INNER JOIN
                         dbo.HOADON ON dbo.AspNetUsers.Id = dbo.HOADON.MaUser

GO
/****** Object:  View [dbo].[ViewNXB]    Script Date: 22/6/2016 2:04:12 PM ******/
SET ANSI_NULLS ON
GO
SET QUOTED_IDENTIFIER ON
GO
CREATE VIEW [dbo].[ViewNXB]
AS
SELECT        dbo.SANPHAM.MaSP, dbo.SANPHAM.TenSP, dbo.SANPHAM.Gia, dbo.SANPHAM.HinhAnh, dbo.NXB.MaNXB, dbo.TINHTRANGNXB.TenTinhTrang, dbo.NXB.TenNXB, dbo.NXB.MaTinhTrangNXB
FROM            dbo.NXB INNER JOIN
                         dbo.SANPHAM ON dbo.NXB.MaNXB = dbo.SANPHAM.MaNhaXuatBan INNER JOIN
                         dbo.TINHTRANGNXB ON dbo.NXB.MaTinhTrangNXB = dbo.TINHTRANGNXB.MaTTNXB



GO
/****** Object:  View [dbo].[ViewNXB2]    Script Date: 22/6/2016 2:04:12 PM ******/
SET ANSI_NULLS ON
GO
SET QUOTED_IDENTIFIER ON
GO
CREATE VIEW [dbo].[ViewNXB2]
AS
SELECT        dbo.NXB.MaNXB, dbo.NXB.TenNXB, dbo.TINHTRANGNXB.TenTinhTrang, dbo.NXB.MaTinhTrangNXB
FROM            dbo.NXB INNER JOIN
                         dbo.TINHTRANGNXB ON dbo.NXB.MaTinhTrangNXB = dbo.TINHTRANGNXB.MaTTNXB



GO
/****** Object:  View [dbo].[ViewSANPHAM]    Script Date: 22/6/2016 2:04:12 PM ******/
SET ANSI_NULLS ON
GO
SET QUOTED_IDENTIFIER ON
GO
CREATE VIEW [dbo].[ViewSANPHAM]
AS
SELECT        dbo.SANPHAM.MaSP, dbo.SANPHAM.TenSP, dbo.SANPHAM.TacGia, dbo.SANPHAM.KichThuoc, dbo.SANPHAM.TrongLuong, dbo.SANPHAM.NgayPhatHanh, dbo.SANPHAM.Gia, dbo.SANPHAM.HinhAnh, 
                         dbo.SANPHAM.MoTa, dbo.SANPHAM.LuotXem, dbo.SANPHAM.SLNhap, dbo.SANPHAM.SLBan, dbo.SANPHAM.MaTheLoai, dbo.SANPHAM.MaCTPH, dbo.SANPHAM.MaNhaXuatBan, dbo.SANPHAM.MaTTSP, 
                         dbo.CTYPHATHANH.TenCTPH, dbo.NXB.TenNXB, dbo.THELOAI.TenTheLoai, dbo.TINHTRANGSP.TenTinhTrang
FROM            dbo.CTYPHATHANH INNER JOIN
                         dbo.SANPHAM ON dbo.CTYPHATHANH.MaCTPH = dbo.SANPHAM.MaCTPH INNER JOIN
                         dbo.NXB ON dbo.SANPHAM.MaNhaXuatBan = dbo.NXB.MaNXB INNER JOIN
                         dbo.THELOAI ON dbo.SANPHAM.MaTheLoai = dbo.THELOAI.MaTheLoai INNER JOIN
                         dbo.TINHTRANGSP ON dbo.SANPHAM.MaTTSP = dbo.TINHTRANGSP.MaTinhTrangSP

GO
/****** Object:  View [dbo].[ViewTHELOAI]    Script Date: 22/6/2016 2:04:12 PM ******/
SET ANSI_NULLS ON
GO
SET QUOTED_IDENTIFIER ON
GO
CREATE VIEW [dbo].[ViewTHELOAI]
AS
SELECT     dbo.THELOAI.MaTheLoai, dbo.THELOAI.TenTheLoai, dbo.SANPHAM.MaSP, dbo.SANPHAM.TenSP, dbo.SANPHAM.Gia, dbo.SANPHAM.HinhAnh
FROM         dbo.SANPHAM INNER JOIN
                      dbo.THELOAI ON dbo.SANPHAM.MaTheLoai = dbo.THELOAI.MaTheLoai



GO
/****** Object:  View [dbo].[ViewUser]    Script Date: 22/6/2016 2:04:12 PM ******/
SET ANSI_NULLS ON
GO
SET QUOTED_IDENTIFIER ON
GO
CREATE VIEW [dbo].[ViewUser]
AS
SELECT        dbo.AspNetUsers.Id, dbo.AspNetUserRoles.UserId, dbo.AspNetRoles.Id AS Expr1, dbo.AspNetRoles.Name, dbo.AspNetUsers.UserName, dbo.AspNetUserRoles.RoleId, dbo.AspNetUsers.FirstName, 
                         dbo.AspNetUsers.LastName, dbo.AspNetUsers.EmailID
FROM            dbo.AspNetRoles INNER JOIN
                         dbo.AspNetUserRoles ON dbo.AspNetRoles.Id = dbo.AspNetUserRoles.RoleId INNER JOIN
                         dbo.AspNetUsers ON dbo.AspNetUserRoles.UserId = dbo.AspNetUsers.Id



GO
INSERT [dbo].[__MigrationHistory] ([MigrationId], [ContextKey], [Model], [ProductVersion]) VALUES (N'201605071115385_InitialCreate', N'BookStore.Models.ApplicationDbContext', 0x1F8B0800000000000400DD5CDB72DB36107DEF4CFF81C3A7A433116DE725CD48C938B2DD7A1ADB99C8C96B0626211913126409C891BFAD0FFDA4FE4201DE495C085E74CB8B472217BB8BDD83C5EDC8FFFDF3EFF4FD26F0AD27181314E2997D3A39B12D88DDD0437835B3D774F9EA8DFDFEDDAFBF4C2FBD60637DCDE55E7339D6129399FD4869F4D67188FB080340260172E390844B3A71C3C0015EE89C9D9CFCEE9C9E3A90A9B0992ECB9A7E5E638A02987C615FE721766144D7C0BF093DE893EC397BB348B45AB7208024022E9CD91FC2F0FB8286319CA4B2B675EE23C0FC58407F695B00E39002CABC7CFB85C0058D43BC5A44EC01F0EF9F23C8E496C02730F3FE6D296EDA919333DE11A76CD82B1076D145D6C94B160CFACCDD4B3A3AB3AF3D983CFA1CFAB02AC964FF82CFB507ECD1A7388C60CCA4E1B2686F5B4EBD9DD36C5834ABB4E12EB040D29865DFB66EC0E623C42BFAC87071F6C6B6AED0067AF9932C8A5F306260618D68BC665F6FD7BE0F1E7C58BC77B436F95F8D55F671B8D5A95386571BF4F328F2919BA4942127B6AD0F80C0CC3706AD499E94F4A56394402E3BF7010A769FC56B4C5F9F4962531920C930FA036218030ABD4F805218E3D2F9B6EC251DE3C64648A181A5AFC05F6FC1D42D7842AB241E0DA3699E3F433F79491E51240142E2D9B754F42A0E033E6225E94F24BE2DC275ECF22E845AB17B10AF20ED89E21A4A7FE2D2C1FB3752F9D01BFA0408F911C6DE9F803C6EDDD802BAEB98656F414110ED10EB09FAC8B868CF61DC82F67C5098BAFA315C21DCEE6A22A675B594D0BA5A11EBEA2A57D6EE2997D23A5A0868FD2CA5646EF6AA1F49D7FB1411DE582C2452D1C4067BFC84BCE6B4AA68910B334FBA97AADCB35D97AB4637776DBE16B3AD1B1F36A5761AB9BA295532C0070F89BE2BF20E23829BE8330BEF0BDAB9BFFB83559214A3329B4A6ACA6CF24707AA524A86A9C1E0EF3019B47AD919F9E784842E4ADC53CD06DF24EBCA4BEC59668354BE994AA719EB66ED53C4B760ECF1CCFE4D086CAB99627654EDD9EA164EEDE658BCC317D087145AE76E7A223007C4059E8844163FAFFE840D5F18735BC09FB3E4D218204CC5B18EB08B22E01BF5A3D1DA70B5CEBD2BEC34DF5CC008626ED4285F260E28EB9A53D86A84AE2D5253A70243737496C3DB043592B12E074D5A30FA41532C151223320387854CA11B3B06A6902B13FBF249745FB8342E9A92EABE255C1E7FC514BAB10F5C1E6DBDAC6CE54D30233BC59283263DEEEC094DD9F1C1AEB1A90C68BA686249A02C0530168F8D2F1EF84BB8A1424879C305A4F573817211269D138480D5950861D369AC24A683DA368D9D94E5E7365A8DD952B083DAB65896C5B2A1B492648DC3D95ABC22ACDFB1364168BC362EFA288F9A502F8C57C30AC582CE1AEC9978C76855B657FA6029166A1D966A8A1E6548308C94B838ABA895AA1A2340266852AC183AAC19C60BD03E90543D64D6474A35877599C5149DCA2BAA61B024F3D608D1CAF7E9C59453DE8B3BE9C5787E81EE286ED0A737208A105E556ED4B327D622BD4E9FBF5A74BFC00E521D8E4B24F7D885B785251AC660051B6F9969E6E9158A09BD00143C007EE233F70241ACCB049B9BACCEB36206F3A92297E69FD3164D72417D4A16177899862BD6BF80AF1293B692CCCB9B5B9CDF007C104BEED3E6A1BF0EB07AD1AA6E9DDE8A55DBA74F440D53A7E1BFB028156225AC9CEA81374A4B7D380C4A4FF3CEBE7F86E4CD076788E1D543C9123CB9BE96B00CAA6A2E10716314200C9897DBC8584B7CAF09FF7CB77CA11C07DCE797871766696B6E4B1C0CE553734DF53BE0AAB6FA1B738D8D8BDEAACAC6AB9D83409BFBC34BBD30C2EA3B949D0EAF110A62B6F0182D6112F651E7AC29746C67D4565845552595C71D7565BC214159F6FC2051906DFB464381E426BF330A143A74D5B78904D5E9975A4BE3DEBCAAAC8539A0D659BB0CAF157335B3E0407031E28A567E9BDD1915DD56B6E380223FDCAF6A511DF86F3F6DF5ED5B4B65CFF6B55D8A77D6A47381E65B55A132EBB6AC62E48CCA7BA2427EA65DF1A0B773CAC3F5DE738FDAAFE65E5CCCB7B0256F8A14682BB6E68D2DF834DB0EB733DD85FD712A625B799D626BC567426130E10293C5DFFEDC472C86A5C00DC0680909BD0FBF433CB3D9F6FD4D832EDF83BAEE10E2F987CC5FC74F20761F412C925006D0D373A52F02B0793916E57CBF64DDD1E2546EA95A62D5976F3B48A194533B4863631F31289ABDB0B2A79F14205E5B5A7F34D0113CC2AF0806A546FCA5C02075C5DCB6FB1CFFF4E4DBD1CA8F945B3B9A760975769730381AC2E96801AFF349478EF5A814C7FD10673437BF4329968339397B212D1E17F1C69CA898DEA6EF8333A8BE111E48481B0430C569C5D6495E3F33E1F0904AD8BEF1B58F02668CAF83A95F1D89838704B08C01378CB878741053DD00C931A638C91B1D648D63B47CFB2650421447E4B283A63642657A7C36B3BD879081205D3A9E93E8165239DF4B652C45AFD258765CAB34266701E98C65C8D45ACC64F466E5ACA676DAA6196B536F5BCE646CE5761A513BF596E5D9DD27FF53C90EEB46F4D4B3468F81E059CDB04898EA4255D4B21E8F85CA391C17BB0EC516C99AC38351AB9B8A4BB3ADB031C52B1E365356FEE5119BAF095A952A38890543B736471632D77819E67375C3A35CA47182720329F0D8047A1E53B4042E65AF5D4848F2BBDC8C2473193C40EF1ADFAD69B4A6ACCB3078F06B277A7CCAD7D94F28A7759FA77751F2CBD631BAC0DC44AC0BF00E7F5823DF2BFCBE921CF52854F0B544764ECD7349F979F5EAB9D0741B62434559F88A25D03D0C229F29237778019EA0DAB7F618D62336BD4060158380643ACAF6EC2B839F176CDEFD0F32743002B44B0000, N'6.0.0-20911')
INSERT [dbo].[__MigrationHistory] ([MigrationId], [ContextKey], [Model], [ProductVersion]) VALUES (N'201605080336369_NameEmailID', N'BookStore.Models.ApplicationDbContext', 0x1F8B0800000000000400DD5CCB6EDC3614DD17E83F085A250562D9CE260D66123863BB351ADB41C6C936A025CE988844A922C7B1BFAD8B7E527FA1A49E94F81035D2BCB2093C1479EFE5BD8797AFC3FCF7CFBF93F74F51E83CC294A0184FDD93A363D781D88F03849753774517AFDEB8EFDFFDFACBE422889E9CAF65BDD7BC1E6B89C9D47DA03479EB79C47F8011204711F2D398C40B7AE4C7910782D83B3D3EFEDD3B39F12013E132598E33F9BCC2144530FBC17ECE62ECC384AE40781D0730244539FB32CFA43A37208224013E9CBA1FE2F8FB9CC6293CCAEBBACE598800B3630EC385EB008C630A28B3F2ED1702E7348DF1729EB00210DE3D2790D55B8090C0C2FAB77575DB8E1C9FF28E7875C3B51CE1565D649DBC60CEA0CFDCBCACA353F72A8059D1E73884624D56F72FF8DC2860459FD2388129AB0D17557BD7F19AEDBC76C3AA99D0869BC01C4953167DD7B9064F1F215ED207868BD337AE73899E605096145EFC8211030B6B44D315FB79B30A43701FC2EABB67D4C9FF3568657F0ED73AF16AF71A9D7E962421F2B39032E4A4AEF3011058D8C6A075540625FB68ECD6254A091DA96F66077E045B52741101145E9D8FACC73A36A2EF672140D1F647C515A6AF4F155813124E9696FE8018A680C2E013A014A6B836BECBC759C7B8B28D4733D3F41584AB0DA8BA018F6899F9A3A5341F549F61987D240F28510CACCCB26F79D5CB348E780654843FABF16D1EAF529F77213656BB03E912D21190F733A762DEBFAD64924F80901F711AFC09C8C3C695CDA1BF4A59F4E61444C916B19EA18F8C8BF612C61D682F0785ADA91FE325C2DDA666D58CA6D6358CA60AD5FA9ACA85755BCA6B190DAD2A18EDAC6BA9CC5C2B7F645D5F2789F0C672225156CD74B0E24714700F58B4282B334BFAA7AAD2B26DA7AB5637B7ADBEE1B38D2B1F36A5F61AB9A6295531C0070F897577383D460457B1CE2CBC2B6897F6EE0E565950ACD26C5ED39066B37F4CA0AA6BA9303518FC3D26834E2B7B23FF8C90D8479979BAD9E09B625D798103C76E90AA37A7F934E35CAF428AF89696154FDDDF24C776AAA96647CD1EB8A5E1C46D8FC55B7C0E4348A173E6E7272C33407C10C84864FE0B9A256CF8C294EB02E18C0597A600612A8F75847D9480D0AA1FADD696AB756E5DA5A7FDE51C261073A556F1B231409BD7BC4A57CB755D9E9A78020CEDD1590F6F1BD428C6BA1A3479C2580F9A72AA50285129D82F644ADDD83230A558D9E8574FA2BBC2A575D25464F70DE1F2F033A6D48D5DE0F260F3A5B095B7C18CEA144B0D9AFCB8734D68AA8E0FB68D4DAD43F345130B02652180A97C0C7F7ECF3FC2272AB994379C43DA3C17A81761CA394172585388E436934421303DC47649EC25AC3CB7314A2C96823DC476F9B24E962DA142900D06176B71A1B279C7DA06A1F5DAB8EAA3DA6B52BEB05E0D6B044B321BB067D57B7A4BD85E999DA559A8F558AA697A5420C1D253F2E24C10AB143586836CD0A45931F458338CE7A05D20493C64367B4A3787F599C5349D2A33AAA5B314F3D608DE2AF7E9D59453F30CBC9C685012123C0D2361720D9204E1A5C050284A9C794E4F98BD9AF7270444B90CCF270A5E40656DA589C62958C2D657A69A599A5D3D9F030AEE013FF199059154ADCF045BAA14E7593982E55451D6E67FE72DDA648DE6942C2FF00A0997AC7F115F25666D1591573777385F04842055DCA7CDE2701561FDA255DF3ABF1513DBE725B28489D7B25F5A944ABE92564E4DC75B85A5391C0685A7CD81583F42EAE69B8990C0B7108508C5F6B26A468528AA2EB597545126444155A1520E1B8D01CA3618D9E5BC829322CA3A47C44F5184306031D8041E3BD07345F8DFB78B17DA51CE6D7E792020E2BAE4C0D7A5F6929A37DCA2B4E6177B89AD6B6C5164EBD3D641608CFDFE855E1A61CDFDD75687D708E9BE58568D163005B7AA77D4343236336A05CE94284428EE29AB604549C28AF2BD4441B1A91D0D050A9E426F14686498B26F1B09BAB33DBD94162BA031839B79117A998DABFE4632D7F326F6041723AED7D577F5BD51D16FDD3E0E28CAAB0B518AEE3A63F3616B6E4E3B327BB16BEF93BC8B26BD1334DF884B99D9B421973D6795DE3311EA137BC182B58DD35E1DAC3DF7E8ED6A9F34C8F1960E1CDA552AB455070FAD038649B1D9EF7E1721EDFEF32AAE53E629B6567C26144647BCC2D1FCEF701622E6C3BAC235C0680109BD8BBF433C754F8F8FDFB41E57ACF1D0C1232408F7F9B5037E04A9FF0052996233E0314329F445049E5E8EF54061B754E4D1FC546FA93A7CB52E9B7890402563789044E935C82069ED171F8384B55E750C92D5DA2E0D02CD21BD0B413C8576BEFCE83946A4A7208342233FF71824AE9AC2B71FE39F9E413D5A965512A44793AEE03F6F130607C31A1ECDE14D52F0C8BE1E95A7BA1BF693E1FA7E284F7630B16A27CCD3C3624FD9B34D734AC42E889FFA6BFD81ACC24100D31CCA6C9CA9F733B346F72985ED1A5FBB4860D6F8DA9BFCD593FDB94F002B688CC3D8A7070731DD45971A639A03CBD141D63A2D2CB76F12AF477313A03A4FEB62C5E6A7845337B88F1908F2A5E319496E205593F674CA72F46A9515A7D25A656A2A974959814CA3C6A28E59AD9A9AD6CDBDB5A3DE9A75ABE9A89D045D2B7EAE59B33ABABB24F16A297EFDD8BA66EAEF21B074C508CBACB73E7C532375F550F8B8C371B16D576C90713BDC198DBCA9B91BDC08A556BEC96233A5F0FF80B1F99AA0652D82737530F41B736455E70A2FE272AE6E595456699DA05C430A0236819EA5142D804FD9671F12923DAE2EB84017D13D0CAEF0ED8A262BCABA0CA3FBB071A2C7A77C93FE8C37DCB479729B64CF93C7E8023313B12EC05BFC6185C2A0B2FB5271D4A311C1D712C539358F25E5E7D5CBE74AD24D8C2D0515EEAB964077304A42268CDCE23978847ADBBA7DD8F4D8E41C81650A2252C8A8DBB39F0C7E41F4F4EE7FE22B0AAAC94E0000, N'6.0.0-20911')
INSERT [dbo].[AspNetRoles] ([Id], [Name]) VALUES (N'2087320c-53c7-4d92-9656-c52b8b8c97a5', N'Employee')
INSERT [dbo].[AspNetRoles] ([Id], [Name]) VALUES (N'3bfc5490-01f1-42b0-9fc9-d525445cb260', N'Admin')
INSERT [dbo].[AspNetRoles] ([Id], [Name]) VALUES (N'ff211076-a10a-4d33-b278-2fb539462599', N'Manager')
INSERT [dbo].[AspNetUserRoles] ([UserId], [RoleId]) VALUES (N'26d80ce3-d845-41a9-9310-80ff80966de7', N'ff211076-a10a-4d33-b278-2fb539462599')
INSERT [dbo].[AspNetUserRoles] ([UserId], [RoleId]) VALUES (N'9b6c11df-d243-4218-9f89-579fc20c713c', N'3bfc5490-01f1-42b0-9fc9-d525445cb260')
INSERT [dbo].[AspNetUserRoles] ([UserId], [RoleId]) VALUES (N'bf554f36-fcf7-4b3a-9a1c-d1450a20cb66', N'2087320c-53c7-4d92-9656-c52b8b8c97a5')
INSERT [dbo].[AspNetUsers] ([Id], [UserName], [PasswordHash], [SecurityStamp], [Discriminator], [FirstName], [LastName], [EmailID]) VALUES (N'002a5a8b-374a-43fb-8b8d-e413aade3efe', N'lechieu616', N'AOZORagSWHknb9us/6+ja95UaLqxT3TH1H2G6M3l16h5e+QgEhPku3uqQNYAtnTvGA==', N'6631542b-cd14-4e1b-b9b0-52058a937482', N'ApplicationUser', N'Nguyễn Lê', N'Chiêu', N'lechieu616@gmail.com')
INSERT [dbo].[AspNetUsers] ([Id], [UserName], [PasswordHash], [SecurityStamp], [Discriminator], [FirstName], [LastName], [EmailID]) VALUES (N'21079902-45d5-40ce-8359-78db3db2deb0', N'test6', N'AAtfrgspm//DD3JuqwkxnOHGilib+2VJxtJ64tFZ5SHZT+xTiO+oNvKuk8FRdHAdIA==', N'd0b2002d-2b92-4dcd-9658-5c87b0efd592', N'ApplicationUser', N'Hàn', N'Xẻng', N'HX@tm.com')
INSERT [dbo].[AspNetUsers] ([Id], [UserName], [PasswordHash], [SecurityStamp], [Discriminator], [FirstName], [LastName], [EmailID]) VALUES (N'26d80ce3-d845-41a9-9310-80ff80966de7', N'adthinh', N'AK602Dyj2kIp5lE8sm6P0JLWZv1U2jDb2MjojRehapoAMUM2aSBLwa1uwTkKg/S8Og==', N'9df494ff-a59e-4493-9da7-250a68d631f8', N'ApplicationUser', N'Lê Cường', N'Thịnh', N'thinhle@htcbook.com')
INSERT [dbo].[AspNetUsers] ([Id], [UserName], [PasswordHash], [SecurityStamp], [Discriminator], [FirstName], [LastName], [EmailID]) VALUES (N'5aa402b6-8fd0-47c7-b136-55d492689484', N'qwerty', N'ACUTPxO2XEmaHVlNlglFRNslGdS90tEdd/xEFETRDOhb2+a3g7ZdWDy8WAF1Dl5VmQ==', N'b6d81322-a34a-4dad-b749-bba179aeb953', N'ApplicationUser', N'lâm chấn', N'thương', N'lct@ym.com')
INSERT [dbo].[AspNetUsers] ([Id], [UserName], [PasswordHash], [SecurityStamp], [Discriminator], [FirstName], [LastName], [EmailID]) VALUES (N'802c304c-04a6-4b2f-bc73-cf1c2bbe352d', N'test7', N'AJJLFV+CsMoMUQwb1QwAVqm27mJknylSd9y+FTw5AfMILopaovvQRETp0nPQ8lRV6Q==', N'3bb9ade3-a55e-4a55-a643-d3197c99e2b9', N'ApplicationUser', N'HonDa', N'YaMaHa', N'YMH@htcbook.com')
INSERT [dbo].[AspNetUsers] ([Id], [UserName], [PasswordHash], [SecurityStamp], [Discriminator], [FirstName], [LastName], [EmailID]) VALUES (N'8678121d-16cc-4b2c-a456-ef8c563a60fd', N'test5', N'APTm5iykTk4h0PSqGuuZrPvq2p70fCoh13X39mhY0qbU+4Fp2057JQ+CG5T5viZxVg==', N'5b237256-d377-40fe-8c2b-5ed9e53a7d84', N'ApplicationUser', N'Nguyễn Phạm', N'An Nhiên', N'AN@htcbook.com')
INSERT [dbo].[AspNetUsers] ([Id], [UserName], [PasswordHash], [SecurityStamp], [Discriminator], [FirstName], [LastName], [EmailID]) VALUES (N'9b6c11df-d243-4218-9f89-579fc20c713c', N'adhieu', N'AEQv9JAHYQDvvr2/UGOfFOZmtoA3ycl0MwidwruFxJJRz8gmSLCpXTqvVPx9W8MZYw==', N'a6772bfa-cc64-4918-a92a-508d85ebddd1', N'ApplicationUser', N'Nguyễn Thanh', N'Hiếu', N'nguyenhieu@htcbook.com')
INSERT [dbo].[AspNetUsers] ([Id], [UserName], [PasswordHash], [SecurityStamp], [Discriminator], [FirstName], [LastName], [EmailID]) VALUES (N'9f5683f2-e998-4077-b10a-60684072b6bd', N'test4', N'AHzLyV6DOwYTZ92QyZVPyAQmjKk7EonT1cuhmsuX4txk0NFIedAHgidRy8C8rEnbwg==', N'46c90bf6-f91b-447a-8e71-8dde097887d1', N'ApplicationUser', N'Ngô', N'Kiến Huy', N'NKT@htcbook.com')
INSERT [dbo].[AspNetUsers] ([Id], [UserName], [PasswordHash], [SecurityStamp], [Discriminator], [FirstName], [LastName], [EmailID]) VALUES (N'b89532ca-017a-41b4-8852-9c8984a20f6b', N'test2', N'AGseXf4ADm86jrt0YfuuaVUAfPVMS46NFVyTdk8NkmyNXZ3xzGA741yEEOSSBDenfA==', N'51770650-f147-4726-afaf-dd20edf92665', N'ApplicationUser', N'Tăng Nhật', N'Tuệ', N'test2@htcbook.com')
INSERT [dbo].[AspNetUsers] ([Id], [UserName], [PasswordHash], [SecurityStamp], [Discriminator], [FirstName], [LastName], [EmailID]) VALUES (N'becfd6a6-93be-465d-9f26-a3201c101f35', N'test3', N'AOnASwFrTJEjtDPRVUjDfi+6vV4BRyVKRnq5Aoqc+2bTXWweYCpxM3yZf2dENhnryA==', N'12b297f5-dc6e-44dd-8675-b560b34d0cd0', N'ApplicationUser', N'Lee', N'Min Hoo', N'LMH@lala.kr')
INSERT [dbo].[AspNetUsers] ([Id], [UserName], [PasswordHash], [SecurityStamp], [Discriminator], [FirstName], [LastName], [EmailID]) VALUES (N'bf554f36-fcf7-4b3a-9a1c-d1450a20cb66', N'adchieu', N'AJ5evVIlPUprVaDKqe8TnU3Wg8lTg5Jwa3C01UbMpyZuUdN9sYAutzGdxqQNhOvZqw==', N'11ed253b-b486-4d0e-bada-a899d8ad5a90', N'ApplicationUser', N'Nguyễn Lê', N'Chiêu', N'lechieu@htcbook.com')
INSERT [dbo].[AspNetUsers] ([Id], [UserName], [PasswordHash], [SecurityStamp], [Discriminator], [FirstName], [LastName], [EmailID]) VALUES (N'ff2a4fee-497b-4efb-b0b4-9a9238c4de70', N'test1', N'AOpQtXfAfqfxsEdFdsGVsDZiFM73ZFUDhPHpE5GuzyE3EvYmXaFpmtQdoo/vt9Rliw==', N'e6f5ee47-e40a-41a0-8e4f-91ec3db5c874', N'ApplicationUser', N'lâm chấn', N'Thương', N'test1@htcbook.com')
SET IDENTITY_INSERT [dbo].[CTYPHATHANH] ON 

INSERT [dbo].[CTYPHATHANH] ([MaCTPH], [TenCTPH], [MaTinhTrangCTPH]) VALUES (1, N'NXB Kim Đồng', 1)
INSERT [dbo].[CTYPHATHANH] ([MaCTPH], [TenCTPH], [MaTinhTrangCTPH]) VALUES (2, N'Đông Á DC', 1)
INSERT [dbo].[CTYPHATHANH] ([MaCTPH], [TenCTPH], [MaTinhTrangCTPH]) VALUES (3, N'NXB Trẻ', 1)
INSERT [dbo].[CTYPHATHANH] ([MaCTPH], [TenCTPH], [MaTinhTrangCTPH]) VALUES (4, N'Alpha Books', 1)
INSERT [dbo].[CTYPHATHANH] ([MaCTPH], [TenCTPH], [MaTinhTrangCTPH]) VALUES (5, N'Phương Nam', 1)
INSERT [dbo].[CTYPHATHANH] ([MaCTPH], [TenCTPH], [MaTinhTrangCTPH]) VALUES (6, N'Văn Lang', 1)
INSERT [dbo].[CTYPHATHANH] ([MaCTPH], [TenCTPH], [MaTinhTrangCTPH]) VALUES (7, N'Nhân Văn', 1)
INSERT [dbo].[CTYPHATHANH] ([MaCTPH], [TenCTPH], [MaTinhTrangCTPH]) VALUES (8, N'CĐ Bách Việt', 1)
INSERT [dbo].[CTYPHATHANH] ([MaCTPH], [TenCTPH], [MaTinhTrangCTPH]) VALUES (9, N'Định Tị', 1)
INSERT [dbo].[CTYPHATHANH] ([MaCTPH], [TenCTPH], [MaTinhTrangCTPH]) VALUES (10, N'First News', 1)
INSERT [dbo].[CTYPHATHANH] ([MaCTPH], [TenCTPH], [MaTinhTrangCTPH]) VALUES (11, N'Nhã Nam', 1)
INSERT [dbo].[CTYPHATHANH] ([MaCTPH], [TenCTPH], [MaTinhTrangCTPH]) VALUES (12, N'TGM Books', 1)
INSERT [dbo].[CTYPHATHANH] ([MaCTPH], [TenCTPH], [MaTinhTrangCTPH]) VALUES (13, N'Văn Việt', 1)
INSERT [dbo].[CTYPHATHANH] ([MaCTPH], [TenCTPH], [MaTinhTrangCTPH]) VALUES (14, N'NXB Giáo Dục', 1)
INSERT [dbo].[CTYPHATHANH] ([MaCTPH], [TenCTPH], [MaTinhTrangCTPH]) VALUES (15, N'NXB Văn Học', 1)
SET IDENTITY_INSERT [dbo].[CTYPHATHANH] OFF
SET IDENTITY_INSERT [dbo].[HOADON] ON 

INSERT [dbo].[HOADON] ([MaHD], [MaUser], [TenNguoiMua], [TinhTrangHD], [DiaChiGiaoHang], [SDT], [GhiChu], [TongTien], [NgayMua]) VALUES (6, N'becfd6a6-93be-465d-9f26-a3201c101f35              ', N'Min Hoo', N'Đã xác nhận', N'Hà Nội', N'0987654321 ', NULL, 210000, CAST(N'2016-06-22' AS Date))
INSERT [dbo].[HOADON] ([MaHD], [MaUser], [TenNguoiMua], [TinhTrangHD], [DiaChiGiaoHang], [SDT], [GhiChu], [TongTien], [NgayMua]) VALUES (7, N'9f5683f2-e998-4077-b10a-60684072b6bd              ', N'Kiến Huy', N'Chưa giao', N'Q9', N'123456123  ', NULL, 225000, CAST(N'2016-06-22' AS Date))
INSERT [dbo].[HOADON] ([MaHD], [MaUser], [TenNguoiMua], [TinhTrangHD], [DiaChiGiaoHang], [SDT], [GhiChu], [TongTien], [NgayMua]) VALUES (10, N'9f5683f2-e998-4077-b10a-60684072b6bd              ', N'Kiến Huy', N'Đang giao', N'Vũng Tàu', N'01222222   ', NULL, 414000, CAST(N'2016-06-22' AS Date))
INSERT [dbo].[HOADON] ([MaHD], [MaUser], [TenNguoiMua], [TinhTrangHD], [DiaChiGiaoHang], [SDT], [GhiChu], [TongTien], [NgayMua]) VALUES (11, N'8678121d-16cc-4b2c-a456-ef8c563a60fd              ', N'An Nhiên', N'Đã giao', N'Lâm ĐỒng', N'12345678   ', NULL, 182000, CAST(N'2016-06-22' AS Date))
INSERT [dbo].[HOADON] ([MaHD], [MaUser], [TenNguoiMua], [TinhTrangHD], [DiaChiGiaoHang], [SDT], [GhiChu], [TongTien], [NgayMua]) VALUES (12, N'21079902-45d5-40ce-8359-78db3db2deb0              ', N'Xẻng', N'Đã giao', N'TPHCM', N'12345678   ', NULL, 58000, CAST(N'2016-06-22' AS Date))
INSERT [dbo].[HOADON] ([MaHD], [MaUser], [TenNguoiMua], [TinhTrangHD], [DiaChiGiaoHang], [SDT], [GhiChu], [TongTien], [NgayMua]) VALUES (13, N'21079902-45d5-40ce-8359-78db3db2deb0              ', N'Xẻng', N'Hủy đơn hàng', N'Nha Trang', N'0962012345 ', NULL, 154000, CAST(N'2016-06-22' AS Date))
INSERT [dbo].[HOADON] ([MaHD], [MaUser], [TenNguoiMua], [TinhTrangHD], [DiaChiGiaoHang], [SDT], [GhiChu], [TongTien], [NgayMua]) VALUES (14, N'802c304c-04a6-4b2f-bc73-cf1c2bbe352d              ', N'YaMaHa', N'Đã xác nhận', N'Bến Tre', N'0987456234 ', NULL, 198000, CAST(N'2016-06-22' AS Date))
INSERT [dbo].[HOADON] ([MaHD], [MaUser], [TenNguoiMua], [TinhTrangHD], [DiaChiGiaoHang], [SDT], [GhiChu], [TongTien], [NgayMua]) VALUES (15, N'802c304c-04a6-4b2f-bc73-cf1c2bbe352d              ', N'YaMaHa', N'Đang giao', N'Cà Mau', N'01222555666', NULL, 101000, CAST(N'2016-06-22' AS Date))
INSERT [dbo].[HOADON] ([MaHD], [MaUser], [TenNguoiMua], [TinhTrangHD], [DiaChiGiaoHang], [SDT], [GhiChu], [TongTien], [NgayMua]) VALUES (16, N'ff2a4fee-497b-4efb-b0b4-9a9238c4de70              ', N'Thương', N'Chưa xác nhận', N'TPHCM', N'0987654    ', NULL, 385000, CAST(N'2016-06-22' AS Date))
SET IDENTITY_INSERT [dbo].[HOADON] OFF
SET IDENTITY_INSERT [dbo].[LOAIUSER] ON 

INSERT [dbo].[LOAIUSER] ([MaLoaiUser], [TenLoaiUser]) VALUES (1, N'Quản trị viên')
INSERT [dbo].[LOAIUSER] ([MaLoaiUser], [TenLoaiUser]) VALUES (2, N'Thành viên')
SET IDENTITY_INSERT [dbo].[LOAIUSER] OFF
SET IDENTITY_INSERT [dbo].[NXB] ON 

INSERT [dbo].[NXB] ([MaNXB], [MaTinhTrangNXB], [TenNXB]) VALUES (1, 1, N'Alpha Books')
INSERT [dbo].[NXB] ([MaNXB], [MaTinhTrangNXB], [TenNXB]) VALUES (2, 1, N'Kinh Tế')
INSERT [dbo].[NXB] ([MaNXB], [MaTinhTrangNXB], [TenNXB]) VALUES (3, 1, N'NXB Trẻ')
INSERT [dbo].[NXB] ([MaNXB], [MaTinhTrangNXB], [TenNXB]) VALUES (4, 1, N'Trí Việt')
INSERT [dbo].[NXB] ([MaNXB], [MaTinhTrangNXB], [TenNXB]) VALUES (5, 1, N'Thái Hà')
INSERT [dbo].[NXB] ([MaNXB], [MaTinhTrangNXB], [TenNXB]) VALUES (6, 1, N'Văn Lang')
INSERT [dbo].[NXB] ([MaNXB], [MaTinhTrangNXB], [TenNXB]) VALUES (7, 1, N'Fahasa')
INSERT [dbo].[NXB] ([MaNXB], [MaTinhTrangNXB], [TenNXB]) VALUES (8, 1, N'NXB Kim Đồng')
INSERT [dbo].[NXB] ([MaNXB], [MaTinhTrangNXB], [TenNXB]) VALUES (9, 1, N'NXB Giáo Dục')
INSERT [dbo].[NXB] ([MaNXB], [MaTinhTrangNXB], [TenNXB]) VALUES (10, 1, N'NXB Văn Học')
INSERT [dbo].[NXB] ([MaNXB], [MaTinhTrangNXB], [TenNXB]) VALUES (11, 1, N'Nhã Nam')
INSERT [dbo].[NXB] ([MaNXB], [MaTinhTrangNXB], [TenNXB]) VALUES (12, 1, N'NXB Hội Nhà Văn')
SET IDENTITY_INSERT [dbo].[NXB] OFF
SET IDENTITY_INSERT [dbo].[SANPHAM] ON 

INSERT [dbo].[SANPHAM] ([MaSP], [TenSP], [TacGia], [KichThuoc], [TrongLuong], [NgayPhatHanh], [Gia], [HinhAnh], [MoTa], [LuotXem], [SLNhap], [SLBan], [MaTheLoai], [MaCTPH], [MaNhaXuatBan], [MaTTSP]) VALUES (7, N'Trên Đường Băng', N'Tony Buổi Sáng', N'13 x 20 cm          ', N'360       ', CAST(N'2015-08-01' AS Date), CAST(69900 AS Decimal(18, 0)), N'trenduongbang.gif', N'Khi còn trẻ, hãy ra ngoài nhiều hơn ở nhà. Hãy nhào vô xin người khác “bóc hết, lột sạch” khả năng của mình. Chỉ sợ bất tài nộp hồ sơ “xin việc”, mà chả ai thèm cho, chả ai thèm bóc lột. Khi đã được bóc và lột hết, dù sau này đi đâu, làm gì, bạn đều cực kỳ thành công. Vì năng lực được trui rèn trong quá trình làm cho người khác. Sự chăm chỉ, tính kỷ luật, quen tay quen chân, quen ngáp, quen lười… cũng từ công việc mà ra. Mọi ông chủ vĩ đại đều từng là những người làm công ở vị trí thấp nhất. Họ đều rẽ trái trong khi mọi người rẽ phải. Họ có những quyết định không theo đám đông, không cam chịu sống một cuộc đời tầm thường, nhạt nhòa… rồi chết.', 6, 100, 99, 1, 1, 1, 1)
INSERT [dbo].[SANPHAM] ([MaSP], [TenSP], [TacGia], [KichThuoc], [TrongLuong], [NgayPhatHanh], [Gia], [HinhAnh], [MoTa], [LuotXem], [SLNhap], [SLBan], [MaTheLoai], [MaCTPH], [MaNhaXuatBan], [MaTTSP]) VALUES (10, N'Ký Sự Đòi Nợ', N'Song Hà', N'13 x 20 cm          ', N'420       ', CAST(N'2016-03-01' AS Date), CAST(98900 AS Decimal(18, 0)), N'kysudoino.jpg', N'Ký sự này được viết lại từ chuyện đời của tôi, hay nói một cách hình ảnh, nó là vô vàn những lát cắt cuộc sống của một kẻ vẫn hay bị coi là lập dị và đầy mâu thuẫn. Những con người đã gặp, đã từng yêu, những ân oán quá khứ… tưởng đã khép lại trong lòng, nhưng một mai thức dậy, tất cả chợt ùa về như những món nợ để đời…', 1, 100, 99, 2, 3, 4, 1)
INSERT [dbo].[SANPHAM] ([MaSP], [TenSP], [TacGia], [KichThuoc], [TrongLuong], [NgayPhatHanh], [Gia], [HinhAnh], [MoTa], [LuotXem], [SLNhap], [SLBan], [MaTheLoai], [MaCTPH], [MaNhaXuatBan], [MaTTSP]) VALUES (15, N'Ngọc Trong Đá', N'Nguyễn Đông Thức', N'13 x 20 cm          ', N'480       ', CAST(N'2016-04-01' AS Date), CAST(139000 AS Decimal(18, 0)), N'ngoctrongda.jpg', N'Tác phẩm phản ánh khí thế và hoạt động Thanh niên xung phong qua chặng đường mười năm, ca ngợi chủ nghĩa anh hùng cách mạng trong lao động và trong chiến đấu, khẳng định sức bật của tuổi trẻ, khẳng định điều kiện trưởng thành và đổi đời của những con người trong xã hội cũ thực sự muốn vươn lên xây dựng cuộc sống mới, trong môi trường lý tưởng ấy. Mỗi nhân vật trong truyện đến với cách mạng, với tập thể Thanh niên xung phong từ một hoàn cảnh riêng. Đó là những con người khác nhau về thành phần xã hội, có lý lịch, tuổi tác, trình độ học vấn, sức khỏe, tâm tư... không giống nhau, và có thể động cơ tham gia cũng có những nét riêng biệt. Từ trong thử thách, khó khăn riêng, từ trong lầm lỡ của ngày hôm qua, họ đã nỗ lực vươn lên tìm thấy hạnh phúc và ý nghĩa chân chính cho đời mình, một hạnh phúc chắt chiu như đãi cát tìm vàng, như chuốt ngọc từ trong đá.

', 5, 100, 99, 3, 2, 2, 1)
INSERT [dbo].[SANPHAM] ([MaSP], [TenSP], [TacGia], [KichThuoc], [TrongLuong], [NgayPhatHanh], [Gia], [HinhAnh], [MoTa], [LuotXem], [SLNhap], [SLBan], [MaTheLoai], [MaCTPH], [MaNhaXuatBan], [MaTTSP]) VALUES (25, N'Đêm định mệnh', N'Ân Tầm', N'14 x 21 cm          ', N'1200      ', CAST(N'2016-03-01' AS Date), CAST(212000 AS Decimal(18, 0)), N'demdinhmenh.jpg', N'Đêm định mệnh kể về câu chuyện tình đầy nghiệt ngã, oan trái của cô gái xinh đẹp Úc Noãn Tâm. Ngay đêm trước hôm cử hành hôn lễ, định mệnh oan nghiệt đã khiến cô buộc lòng phải rời xa người mình yêu. Sau đó, cô vướng vào vô số rắc rối. Để tự cứu lấy mình, cô buộc phải thực hiện cuộc giao dịch bảy ngày cùng người đàn ông Hoắc Thiên Kình. Úc Noãn Tâm gặp lại người yêu, vị hôn phu của cô - Tả Lăng Thần. Nhưng số phận khéo trêu đùa, vì để bảo vệ anh, cô chấp nhận làm theo mọi lời sai khiến của Hoắc Thiên Kình. Tưởng đâu như vậy đã là quá đau đớn với cô gái nhỏ bé, nhưng sự thật đau lòng hơn nữa khi cô phát hiện người mà cô sẵn sàng hi sinh tất cả lại phản bội cô. Úc Noãn Tâm đau đớn tới mức muốn tìm tới cái chết.

', 0, 100, 99, 2, 1, 3, 1)
INSERT [dbo].[SANPHAM] ([MaSP], [TenSP], [TacGia], [KichThuoc], [TrongLuong], [NgayPhatHanh], [Gia], [HinhAnh], [MoTa], [LuotXem], [SLNhap], [SLBan], [MaTheLoai], [MaCTPH], [MaNhaXuatBan], [MaTTSP]) VALUES (40, N'Nhà giả kim', N'Paulo Coelho ', N'14 x 21 cm          ', N'228       ', CAST(N'2016-02-01' AS Date), CAST(47000 AS Decimal(18, 0)), N'nhagiakim.jpg', N'Tất cả những trải nghiệm trong chuyến phiêu du theo đuổi vận mệnh của mình đã giúp Santiago thấu hiểu được ý nghĩa sâu xa nhất của hạnh phúc, hòa hợp với vũ trụ và con người.', 29, 100, 1, 2, 3, 2, 1)
INSERT [dbo].[SANPHAM] ([MaSP], [TenSP], [TacGia], [KichThuoc], [TrongLuong], [NgayPhatHanh], [Gia], [HinhAnh], [MoTa], [LuotXem], [SLNhap], [SLBan], [MaTheLoai], [MaCTPH], [MaNhaXuatBan], [MaTTSP]) VALUES (41, N'Lâu Đài', N'Franz Kafka', N'15 x 24 cm          ', N'332       ', CAST(N'2016-04-05' AS Date), CAST(21000 AS Decimal(18, 0)), N'laudai.jpg', N'K. đến nơi vào một tối muộn. Nhưng kỳ thực anh chưa đến nơi. Bởi ngôi làng chìm trong tuyết dày chỉ là nơi K. cần đi qua, để tới tòa Lâu đài nằm khuất dạng trên ngọn núi phía trước, bị bóng tối và sương mù vây bủa. Nơi đây, trong trò chơi tung hứng của thứ quyền lực hành chính mà ngài Klamm hư ảo kia là đại diện, K. khác nào diễn viên của một vở kịch siêu thực, quay cuồng giữa những mồi nhử, như con thú đói khát không khi nào chạm nổi vào thức ăn...', 99, 200, 12, 4, 5, 3, 1)
INSERT [dbo].[SANPHAM] ([MaSP], [TenSP], [TacGia], [KichThuoc], [TrongLuong], [NgayPhatHanh], [Gia], [HinhAnh], [MoTa], [LuotXem], [SLNhap], [SLBan], [MaTheLoai], [MaCTPH], [MaNhaXuatBan], [MaTTSP]) VALUES (42, N'Vô Thường', N'Nguyễn Bảo Trung ', N'12 x 19 cm          ', N'216       ', CAST(N'2016-03-25' AS Date), CAST(63000 AS Decimal(18, 0)), N'vothuong.jpg', N'Cuốn sách là góc nhìn đầy nhân văn của vị bác sĩ hàng ngày chứng kiến những mảnh đời chấp chới giữa hai bờ sinh tử. Con người ta sinh ra, bàn tay nắm chặt. Con người ta chết đi, hay tay buông thõng, được mất bại thành bỗng chốc hóa hư ... ', 123, 100, 31, 5, 6, 7, 1)
INSERT [dbo].[SANPHAM] ([MaSP], [TenSP], [TacGia], [KichThuoc], [TrongLuong], [NgayPhatHanh], [Gia], [HinhAnh], [MoTa], [LuotXem], [SLNhap], [SLBan], [MaTheLoai], [MaCTPH], [MaNhaXuatBan], [MaTTSP]) VALUES (45, N'Người Vợ Paris', N'Paula McLain ', N'13 x 20 cm          ', N'526       ', CAST(N'2014-03-01' AS Date), CAST(97000 AS Decimal(18, 0)), N'nguoivoparis.jpg', N'Với nội dung về thời điểm những năm 1920 của cuộc gặp gỡ của Hadley Richardson với văn hào Ernest Hemingway tại Paris, Người vợ Paris đã tái hiện lại thời khắc đáng nhớ và cuộc tình sét đánh mau chóng đi đến hôn nhân của hai người chênh lệch ...', 22, 100, 56, 3, 4, 5, 1)
INSERT [dbo].[SANPHAM] ([MaSP], [TenSP], [TacGia], [KichThuoc], [TrongLuong], [NgayPhatHanh], [Gia], [HinhAnh], [MoTa], [LuotXem], [SLNhap], [SLBan], [MaTheLoai], [MaCTPH], [MaNhaXuatBan], [MaTTSP]) VALUES (94, N'Em Sẽ Đến Cùng Cơn Mưa', N'Ichikawa Takuji', N'14.5 x 20.5 cm      ', N'420       ', CAST(N'2013-01-01' AS Date), CAST(72000 AS Decimal(18, 0)), N'emsedencungconmua.jpg', N'Văn học Nhật đem đến cho độc giả cảm giác bình yên, lãng mạn khi đắm mình trong những tác phẩm tinh tế, chìm trong câu chữ nhẹ nhàng nhưng đầy trầm tư, ám ảnh. Em Sẽ Đến Cùng Cơn Mưa cũng vậy. Không nhiều màu sắc, không nhiều kịch tính, dữ dội mà chỉ với một gam màu trầm buồn, một khung cảnh ảm đạm ngày mưa, một cốt truyện nhẹ nhàng, Ichikawa Takuji đã vẽ nên được một bức tranh tình yêu tuyệt diệu.  Ở tác phẩm không có sự đối lập, hoặc giả có đi chăng nữa thì cũng hết sức nhạt nhòa, chỉ có sự hài hòa được đề cao (đặc trưng của văn phong Nhật). Sự hài hòa không chỉ ở vòng xoay giữa Takumi, Mio và Yuji mà còn lan ra cả những mối quan hệ khác với thầy Nombre,và chú chó Pooh, với cả thiên nhiên cùng mùa mưa ẩm ướt.', 1, 200, 1, 2, 11, 10, 1)
INSERT [dbo].[SANPHAM] ([MaSP], [TenSP], [TacGia], [KichThuoc], [TrongLuong], [NgayPhatHanh], [Gia], [HinhAnh], [MoTa], [LuotXem], [SLNhap], [SLBan], [MaTheLoai], [MaCTPH], [MaNhaXuatBan], [MaTTSP]) VALUES (95, N'Toán lớp 5 tập 2', N'Trần Thị Thu Thủy ', N'16x24 cm            ', N'140       ', CAST(N'2014-06-16' AS Date), CAST(15000 AS Decimal(18, 0)), N'toanlop5tap2.jpg', N'&lt;p&gt;&lt;strong&gt;&lt;em&gt;B&amp;agrave;i Tập Cơ Bản V&amp;agrave; N&amp;acirc;ng Cao - To&amp;aacute;n Tiểu Học&amp;nbsp; 5 (Tập 2):&lt;/em&gt;&lt;br /&gt;
Chương 1: Số đo thời gian - to&amp;aacute;n chuyển động đều&lt;/strong&gt;&lt;br /&gt;
B&amp;agrave;i 1: Bảng đơn vị đo thời gian&lt;br /&gt;
B&amp;agrave;i 2: Cộng số đo thời gian&lt;br /&gt;
B&amp;agrave;i 3: Trừ số đo thời gian&lt;br /&gt;
B&amp;agrave;i 4: Nh&amp;acirc;n số đo thời gian với một số&lt;br /&gt;
B&amp;agrave;i 5: Nh&amp;acirc;n số đo thời gian với một số&lt;br /&gt;
B&amp;agrave;i 6: Vận tốc&lt;br /&gt;
B&amp;agrave;i 7: Qu&amp;atilde;ng đường&lt;br /&gt;
B&amp;agrave;i 8: Thời gian.&lt;/p&gt;
', 10, 100, 1, 1, 14, 9, 1)
INSERT [dbo].[SANPHAM] ([MaSP], [TenSP], [TacGia], [KichThuoc], [TrongLuong], [NgayPhatHanh], [Gia], [HinhAnh], [MoTa], [LuotXem], [SLNhap], [SLBan], [MaTheLoai], [MaCTPH], [MaNhaXuatBan], [MaTTSP]) VALUES (96, N' Toán Nâng Cao Lớp 3', N'Nguyễn Bảo Minh, Lê Yến Ngọc', N'17 x 24 cm          ', N'132       ', CAST(N'2014-09-01' AS Date), CAST(16000 AS Decimal(18, 0)), N'toannangcaolop3.jpg', N'&lt;p&gt;Nhằm gi&amp;uacute;p học sinh tiểu học c&amp;oacute; thể tự r&amp;egrave;n luyện kiến thức to&amp;aacute;n trong chương tr&amp;igrave;nh s&amp;aacute;ch gi&amp;aacute;o khoa, đồng thời &amp;ocirc;n luyện v&amp;agrave; n&amp;acirc;ng cao những kiến thức n&amp;agrave;y, ch&amp;uacute;ng t&amp;ocirc;i đ&amp;atilde; bi&amp;ecirc;n soạn bộ s&amp;aacute;ch&amp;nbsp;&lt;b&gt;&amp;quot;To&amp;aacute;n n&amp;acirc;ng cao v&amp;agrave; bồi dưỡng học sinh giỏi&amp;quot;&lt;/b&gt;&amp;nbsp;d&amp;agrave;nh cho học sinh từ lớp 1 đến lớp 5.&lt;/p&gt;

&lt;p&gt;Được bi&amp;ecirc;n soạn v&amp;agrave; hướng dẫn theo phương ph&amp;aacute;p tự luận, bộ s&amp;aacute;ch sẽ gi&amp;uacute;p học sinh tự &amp;ocirc;n tập l&amp;iacute; thuyết v&amp;agrave; r&amp;egrave;n luyện, n&amp;acirc;ng cao khả năng ph&amp;acirc;n t&amp;iacute;ch đề b&amp;agrave;i v&amp;agrave; s&amp;aacute;ng tạo trong giải to&amp;aacute;n.&lt;/p&gt;

&lt;p&gt;Ch&amp;uacute;ng t&amp;ocirc;i mong rằng bộ s&amp;aacute;ch sẽ l&amp;agrave; c&amp;ocirc;ng cụ hữu &amp;iacute;ch c&amp;ugrave;ng c&amp;aacute;c em tiếp cận s&amp;acirc;u hơn kiến thức to&amp;aacute;n trong nh&amp;agrave; trường cũng như kh&amp;aacute;m ph&amp;aacute; ra nhiều điều l&amp;iacute; th&amp;uacute; mới của m&amp;ocirc;n To&amp;aacute;n!&lt;/p&gt;
', 12, 200, 15, 1, 14, 9, 1)
INSERT [dbo].[SANPHAM] ([MaSP], [TenSP], [TacGia], [KichThuoc], [TrongLuong], [NgayPhatHanh], [Gia], [HinhAnh], [MoTa], [LuotXem], [SLNhap], [SLBan], [MaTheLoai], [MaCTPH], [MaNhaXuatBan], [MaTTSP]) VALUES (97, N'Toán Nâng Cao Lớp 2', N'Nguyễn Bảo Minh , Lê Yến Ngọc', N'17 x 24 cm          ', N'140       ', CAST(N'2014-06-16' AS Date), CAST(25000 AS Decimal(18, 0)), N'toannangcaolop2.jpg', N'&lt;p&gt;Nhằm gi&amp;uacute;p học sinh tiểu học c&amp;oacute; thể tự r&amp;egrave;n luyện kiến thức to&amp;aacute;n trong chương tr&amp;igrave;nh s&amp;aacute;ch gi&amp;aacute;o khoa, đồng thời &amp;ocirc;n luyện v&amp;agrave; n&amp;acirc;ng cao những kiến thức n&amp;agrave;y, ch&amp;uacute;ng t&amp;ocirc;i đ&amp;atilde; bi&amp;ecirc;n soạn bộ s&amp;aacute;ch&amp;nbsp;&lt;b&gt;&amp;quot;To&amp;aacute;n n&amp;acirc;ng cao v&amp;agrave; bồi dưỡng học sinh giỏi&amp;quot;&lt;/b&gt;&amp;nbsp;d&amp;agrave;nh cho học sinh từ lớp 1 đến lớp 5.&lt;/p&gt;

&lt;p&gt;Được bi&amp;ecirc;n soạn v&amp;agrave; hướng dẫn theo phương ph&amp;aacute;p tự luận, bộ s&amp;aacute;ch sẽ gi&amp;uacute;p học sinh tự &amp;ocirc;n tập l&amp;iacute; thuyết v&amp;agrave; r&amp;egrave;n luyện, n&amp;acirc;ng cao khả năng ph&amp;acirc;n t&amp;iacute;ch đề b&amp;agrave;i v&amp;agrave; s&amp;aacute;ng tạo trong giải to&amp;aacute;n.&lt;/p&gt;

&lt;p&gt;Ch&amp;uacute;ng t&amp;ocirc;i mong rằng bộ s&amp;aacute;ch sẽ l&amp;agrave; c&amp;ocirc;ng cụ hữu &amp;iacute;ch c&amp;ugrave;ng c&amp;aacute;c em tiếp cận s&amp;acirc;u hơn kiến thức to&amp;aacute;n trong nh&amp;agrave; trường cũng như kh&amp;aacute;m ph&amp;aacute; ra nhiều điều l&amp;iacute; th&amp;uacute; mới của m&amp;ocirc;n To&amp;aacute;n!&lt;/p&gt;
', 12, 100, 3, 1, 14, 9, 1)
INSERT [dbo].[SANPHAM] ([MaSP], [TenSP], [TacGia], [KichThuoc], [TrongLuong], [NgayPhatHanh], [Gia], [HinhAnh], [MoTa], [LuotXem], [SLNhap], [SLBan], [MaTheLoai], [MaCTPH], [MaNhaXuatBan], [MaTTSP]) VALUES (98, N'Mẹ Dạy Con Học Chữ', N'Lê Phương Nga', N'16x24 cm            ', N'132       ', CAST(N'2014-09-01' AS Date), CAST(20000 AS Decimal(18, 0)), N'medayconhocchu.jpg', N'&lt;p&gt;Để gi&amp;uacute;p c&amp;aacute;c em tr&amp;aacute;nh khỏi bỡ ngỡ khi bước v&amp;agrave;o lớp 1, gi&amp;uacute;p c&amp;aacute;c em nhanh ch&amp;oacute;ng l&amp;agrave;m quen, chiếm lĩnh một c&amp;ocirc;ng cụ mới - chữ viết, nhanh ch&amp;oacute;ng l&amp;agrave;m quen với việc đọc, viết, cũng l&amp;agrave; để học tốt &amp;quot;tiếng Việt 1&amp;quot;.&lt;/p&gt;

&lt;p&gt;&amp;quot;Mẹ dạy con học chữ&amp;quot; được bi&amp;ecirc;n soạn dười dạng vở để cho trẻ em thực h&amp;agrave;nh với chữ viết. Vở gi&amp;uacute;p c&amp;aacute;c em học vần nhanh, ch&amp;oacute;ng biết đọc, biết viết, vừa học vừa chơi vui. Vở gi&amp;uacute;p c&amp;aacute;c em l&amp;agrave;m quen với c&amp;aacute;ch l&amp;agrave;m việc mới. Đ&amp;oacute; cũng l&amp;agrave; những thao t&amp;aacute;c v&amp;agrave; c&amp;aacute;ch thức nhất thiết c&amp;aacute;c em phải c&amp;oacute; để học đọc, viết ở trường.&lt;/p&gt;
', 45, 100, 80, 1, 14, 9, 1)
INSERT [dbo].[SANPHAM] ([MaSP], [TenSP], [TacGia], [KichThuoc], [TrongLuong], [NgayPhatHanh], [Gia], [HinhAnh], [MoTa], [LuotXem], [SLNhap], [SLBan], [MaTheLoai], [MaCTPH], [MaNhaXuatBan], [MaTTSP]) VALUES (99, N'Tập Làm Văn 4 - Tập 1', N'Trần Mạnh Hưởng', N'16x24 cm            ', N'270       ', CAST(N'2008-04-01' AS Date), CAST(40000 AS Decimal(18, 0)), N'taplamvan4.jpg', N'&lt;p&gt;Hướng Dẫn Dạy Tập L&amp;agrave;m Văn 4&amp;nbsp;được bi&amp;ecirc;n soạn song song c&amp;ugrave;ng s&amp;aacute;ch&amp;nbsp;&lt;i&gt;Tập l&amp;agrave;m văn lớp 4&amp;nbsp;&lt;/i&gt;nhằm gi&amp;uacute;p học sinh r&amp;egrave;n luyện hai kỹ năng cơ bản: n&amp;oacute;i v&amp;agrave; viết; trang bị cho c&amp;aacute;c em những hiểu biết ban đầu về những đặc điểm ch&amp;iacute;nh của c&amp;aacute;c loại văn bản thường sử dụng trong giao tiếp: văn kể chuyện, mi&amp;ecirc;u tả&amp;hellip;&lt;/p&gt;
', 32, 99, 6, 1, 14, 9, 1)
INSERT [dbo].[SANPHAM] ([MaSP], [TenSP], [TacGia], [KichThuoc], [TrongLuong], [NgayPhatHanh], [Gia], [HinhAnh], [MoTa], [LuotXem], [SLNhap], [SLBan], [MaTheLoai], [MaCTPH], [MaNhaXuatBan], [MaTTSP]) VALUES (100, N'Luyện Thi Hóa Học 12 ', N'Nhiều Tác Giả', N'17 x 24 cm          ', N'374       ', CAST(N'2014-07-17' AS Date), CAST(51000 AS Decimal(18, 0)), N'luyenthihoa12.jpg', N'&lt;p&gt;&lt;font face="arial,helvetica,sans-serif" size="2"&gt;Cuốn s&amp;aacute;ch&amp;nbsp;&lt;strong&gt;&lt;em&gt;&amp;quot;Chuy&amp;ecirc;n đề &amp;ocirc;n tập v&amp;agrave; luyện thi h&amp;oacute;a học 12&amp;quot;&lt;/em&gt;&lt;/strong&gt;&amp;nbsp;sẽ cung cấp t&amp;agrave;i liệu tham khảo cần thiết cho c&amp;aacute;c thầy, c&amp;ocirc; gi&amp;aacute;o v&amp;agrave; c&amp;aacute;c em học sinh &amp;ocirc;n tập để n&amp;acirc;ng cao kiến thức chất lượng kỳ thi tốt nghiệp THPT v&amp;agrave; kỳ thi tuyển sinh Đại học, Cao đẳng, đảm bảo người tốt nghiệp đạt chuẩn kiến thức, kỹ năng đ&amp;atilde; quy định cho cấp THPT...&lt;/font&gt;&lt;/p&gt;

&lt;p&gt;&lt;font face="arial,helvetica,sans-serif" size="2"&gt;Nội dung cuốn s&amp;aacute;ch gồm 3 phần:&lt;/font&gt;&lt;/p&gt;

&lt;p&gt;&lt;font face="arial,helvetica,sans-serif" size="2"&gt;&lt;strong&gt;Phần thứ nhấ&lt;/strong&gt;t: Đề thi tốt nghiệp trung học phổ th&amp;ocirc;ng&lt;/font&gt;&lt;/p&gt;

&lt;p&gt;&lt;font face="arial,helvetica,sans-serif" size="2"&gt;&lt;strong&gt;Phần thứ ha&lt;/strong&gt;i: Đề thi đại học, cao đẳng&lt;/font&gt;&lt;/p&gt;

&lt;p&gt;&lt;font face="arial,helvetica,sans-serif" size="2"&gt;&lt;strong&gt;Phần thứ ba&lt;/strong&gt;: Đ&amp;aacute;p &amp;aacute;n&lt;/font&gt;&lt;/p&gt;

&lt;p&gt;&lt;font face="arial,helvetica,sans-serif" size="2"&gt;Phần thứ nhất với 11 đề kiểm tra v&amp;agrave; thi tốt nghiệp THPT; phần thứ hai gồm 27 đề thi đại học, cao đẳng. Cuốn s&amp;aacute;ch gi&amp;uacute;p c&amp;aacute;c em học sinh &amp;ocirc;n tập kiến thức cơ bản v&amp;agrave; l&amp;agrave;m quen với c&amp;aacute;c dạng b&amp;agrave;i tập, c&amp;aacute;c dạng đề thi v&amp;agrave; kiểm tra.&lt;/font&gt;&lt;/p&gt;
', 54, 100, 42, 1, 3, 4, 1)
INSERT [dbo].[SANPHAM] ([MaSP], [TenSP], [TacGia], [KichThuoc], [TrongLuong], [NgayPhatHanh], [Gia], [HinhAnh], [MoTa], [LuotXem], [SLNhap], [SLBan], [MaTheLoai], [MaCTPH], [MaNhaXuatBan], [MaTTSP]) VALUES (101, N'Marketing Căn Bản', N'TS. Phan Thăng ', N'16 x 24 cm          ', N'378       ', CAST(N'2014-07-17' AS Date), CAST(91000 AS Decimal(18, 0)), N'marketingcanban.jpg', N'&lt;p&gt;Marketing l&amp;agrave; một trong những ng&amp;agrave;nh c&amp;oacute; nhu cầu về đ&amp;agrave;o tạo kh&amp;ocirc;ng thể thiếu được trong nhiều trường đại học v&amp;agrave; cao đẳng hiện nay. Để đ&amp;aacute;p ứng nhu cầu học tập v&amp;agrave; nghi&amp;ecirc;n cứu Nh&amp;agrave; xuất bản Lao Động đ&amp;atilde; xuất bản cuốn s&amp;aacute;ch&amp;nbsp;&lt;em&gt;&lt;strong&gt;&amp;quot;Marketing Căn Bản&amp;quot;&lt;/strong&gt;&lt;/em&gt;&amp;nbsp;của Philip Kotler do TS. Phan Thăng, TS. Vũ Thị Phượng v&amp;agrave; anh Giang Văn Chiến bi&amp;ecirc;n dịch.&lt;/p&gt;

&lt;p&gt;&lt;font face="arial,helvetica,sans-serif" size="2"&gt;Nội dung của cuốn s&amp;aacute;ch tập trung tr&amp;igrave;nh b&amp;agrave;y những vấn đề cơ bản sau:&lt;/font&gt;&lt;/p&gt;

&lt;ul&gt;
	&lt;li&gt;
	&lt;p&gt;&lt;font face="arial,helvetica,sans-serif" size="2"&gt;Kh&amp;aacute;i niệm, nghi&amp;ecirc;n cứu, quản trị v&amp;agrave; m&amp;ocirc;i trường marketing&lt;/font&gt;&lt;/p&gt;
	&lt;/li&gt;
	&lt;li&gt;
	&lt;p&gt;&lt;font face="arial,helvetica,sans-serif" size="2"&gt;Ph&amp;acirc;n kh&amp;uacute;c thị trường v&amp;agrave; lựa chọn thị trường mục ti&amp;ecirc;u&lt;/font&gt;&lt;/p&gt;
	&lt;/li&gt;
	&lt;li&gt;
	&lt;p&gt;&lt;font face="arial,helvetica,sans-serif" size="2"&gt;H&amp;agrave;nh vi v&amp;agrave; m&amp;ocirc; h&amp;igrave;nh h&amp;agrave;nh vi của kh&amp;aacute;ch h&amp;agrave;ng&lt;/font&gt;&lt;/p&gt;
	&lt;/li&gt;
	&lt;li&gt;
	&lt;p&gt;&lt;font face="arial,helvetica,sans-serif" size="2"&gt;Marketing về sản phẩm, gi&amp;aacute; cả, ph&amp;acirc;n phối lưu th&amp;ocirc;ng v&amp;agrave; khuyến m&amp;atilde;i&lt;/font&gt;&lt;/p&gt;
	&lt;/li&gt;
	&lt;li&gt;
	&lt;p&gt;&lt;font face="arial,helvetica,sans-serif" size="2"&gt;Marketing quốc tế&lt;/font&gt;&lt;/p&gt;
	&lt;/li&gt;
	&lt;li&gt;
	&lt;p&gt;&lt;font face="arial,helvetica,sans-serif" size="2"&gt;Marketing dịch vụ&lt;/font&gt;&lt;/p&gt;
	&lt;/li&gt;
&lt;/ul&gt;
', 42, 200, 31, 1, 3, 4, 1)
INSERT [dbo].[SANPHAM] ([MaSP], [TenSP], [TacGia], [KichThuoc], [TrongLuong], [NgayPhatHanh], [Gia], [HinhAnh], [MoTa], [LuotXem], [SLNhap], [SLBan], [MaTheLoai], [MaCTPH], [MaNhaXuatBan], [MaTTSP]) VALUES (102, N'Toán Tài Chính', N'Minh Thư', N'16 x 24 cm          ', N'270       ', CAST(N'2015-01-20' AS Date), CAST(42000 AS Decimal(18, 0)), N'toantaichinh.jpg', N'&lt;p&gt;Tr&amp;ecirc;n cơ sở tiếp thu, kế thừa những kiến thức quản l&amp;yacute; t&amp;agrave;i ch&amp;iacute;nh trong v&amp;agrave; ngo&amp;agrave;i nước cũng như kinh nghiệm nhiều năm giảng dạy đại học, cuốn s&amp;aacute;ch đ&amp;atilde; tr&amp;igrave;nh b&amp;agrave;y một c&amp;aacute;ch c&amp;oacute; hệ thống những vấn đề từ đơn giản đến phức tạp, cung cấp kiến thức căn bản về việc sử dụng c&amp;aacute;c c&amp;ocirc;ng cụ từ th&amp;ocirc; sơ(bảng t&amp;iacute;nh, m&amp;aacute;y t&amp;iacute;nh bỏ t&amp;uacute;i) đến hiện đại(m&amp;aacute;y vi t&amp;iacute;nh) để t&amp;iacute;nh to&amp;aacute;n nhằm phục vụ cho việc quản l&amp;yacute; t&amp;agrave;i ch&amp;iacute;nh.&lt;br /&gt;
Lần t&amp;aacute;i bản n&amp;agrave;y, t&amp;aacute;c giả bổ sung một số điểm mới về Excel, th&amp;ecirc;m phần định l&amp;yacute; đảo trong Chương &amp;quot;Vay th&amp;ocirc;ng thường&amp;quot;.&lt;br /&gt;
&lt;br /&gt;
Song song với phần l&amp;yacute; thuyết, s&amp;aacute;ch&amp;nbsp;&lt;b&gt;&amp;quot;To&amp;aacute;n T&amp;agrave;i Ch&amp;iacute;nh&amp;quot;&amp;nbsp;&lt;/b&gt;đ&amp;atilde; c&amp;oacute; nhiều v&amp;iacute; dụ minh họa v&amp;agrave; đưa ra th&amp;ecirc;m một số b&amp;agrave;i tập để r&amp;egrave;n luyện. Mặt kh&amp;aacute;c, phần sau cuốn s&amp;aacute;ch n&amp;agrave;y c&amp;ograve;n c&amp;oacute; b&amp;agrave;i giải hay hướng dẫn giải c&amp;aacute;c b&amp;agrave;i tập để bạn đọc tham khảo.&lt;/p&gt;
', 21, 99, 42, 1, 3, 4, 1)
INSERT [dbo].[SANPHAM] ([MaSP], [TenSP], [TacGia], [KichThuoc], [TrongLuong], [NgayPhatHanh], [Gia], [HinhAnh], [MoTa], [LuotXem], [SLNhap], [SLBan], [MaTheLoai], [MaCTPH], [MaNhaXuatBan], [MaTTSP]) VALUES (103, N'Xác Suất Thống Kê', N'Dương Ngọc Hảo', N'16x24 cm            ', N'342       ', CAST(N'2014-07-17' AS Date), CAST(42000 AS Decimal(18, 0)), N'xacxuatthongke.jpg', N'&lt;p&gt;Ng&amp;agrave;y nay, X&amp;aacute;c suất thống k&amp;ecirc; l&amp;agrave; một m&amp;ocirc;n học kh&amp;ocirc;ng thể thiếu trong hầu như tất cả c&amp;aacute;c lĩnh vực về kinh tế, x&amp;atilde; hội,... v&amp;agrave; đến c&amp;aacute;c ng&amp;agrave;nh kỹ thuật. C&amp;aacute;c hiện tượng tưởng chừng như kh&amp;ocirc;ng c&amp;oacute; quy luật, nay đ&amp;atilde; được t&amp;igrave;m hiểu một c&amp;aacute;ch tương đối cặn kẽ bởi m&amp;ocirc;n học n&amp;agrave;y.&lt;/p&gt;

&lt;p&gt;T&amp;agrave;i liệu n&amp;agrave;y được bi&amp;ecirc;n soạn nhằm tạo điều kiện thuận lợi cho việc giảng dạy cũng như học tập m&amp;ocirc;n X&amp;aacute;c suất thống k&amp;ecirc; tại trường Đại học Sư phạm Kỹ thuật Th&amp;agrave;nh phố Hồ Ch&amp;iacute; Minh. T&amp;agrave;i liệu n&amp;agrave;y c&amp;oacute; thể được sử dụng như t&amp;agrave;i liệu học tập hoặc t&amp;agrave;i liệu tham khảo tại c&amp;aacute;c trường c&amp;oacute; c&amp;ugrave;ng nội dung giảng dạy m&amp;ocirc;n X&amp;aacute;c suất thống k&amp;ecirc;.&lt;/p&gt;
', 32, 100, 5, 1, 3, 4, 1)
INSERT [dbo].[SANPHAM] ([MaSP], [TenSP], [TacGia], [KichThuoc], [TrongLuong], [NgayPhatHanh], [Gia], [HinhAnh], [MoTa], [LuotXem], [SLNhap], [SLBan], [MaTheLoai], [MaCTPH], [MaNhaXuatBan], [MaTTSP]) VALUES (104, N'Kiểm Toán Đại Cương', N'ThS.Châu Thanh An', N'16 x 24 cm          ', N'374       ', CAST(N'2015-01-20' AS Date), CAST(97000 AS Decimal(18, 0)), N'kiemtoandaicuong.jpg', N'&lt;p&gt;&amp;lt;p&amp;gt;&amp;amp;lt;p&amp;amp;gt;Kiểm to&amp;amp;amp;aacute;n đại cương (Basic Auditing) l&amp;amp;amp;agrave; một học phần quan trọng trong chương tr&amp;amp;amp;igrave;nh đ&amp;amp;amp;agrave;o tạo ng&amp;amp;amp;agrave;nh kế to&amp;amp;amp;aacute;n, kiểm to&amp;amp;amp;aacute;n ở c&amp;amp;amp;aacute;c bậc đại học, cao đẳng v&amp;amp;amp;agrave; trung cấp, nhằm cung cấp cho người học những kiến thức nền tảng về lĩnh vực kiểm to&amp;amp;amp;aacute;n, qua đ&amp;amp;amp;oacute; gi&amp;amp;amp;uacute;p họ hiểu được bản chất, vai tr&amp;amp;amp;ograve; của kiểm to&amp;amp;amp;aacute;n; tổ chức c&amp;amp;amp;ocirc;ng t&amp;amp;amp;aacute;c kiểm to&amp;amp;amp;aacute;n v&amp;amp;amp;agrave; bộ m&amp;amp;amp;aacute;y kiểm to&amp;amp;amp;aacute;n trong c&amp;amp;amp;aacute;c loại h&amp;amp;amp;igrave;nh tổ chức kiểm to&amp;amp;amp;aacute;n kh&amp;amp;amp;aacute;c nhau; c&amp;amp;amp;aacute;c loại h&amp;amp;amp;igrave;nh kiểm to&amp;amp;amp;aacute;n, c&amp;amp;amp;aacute;c kh&amp;amp;amp;aacute;i niệm v&amp;amp;amp;agrave; quy tr&amp;amp;amp;igrave;nh cơ bản sử dụng trong việc chuẩn bị, thực hiện v&amp;amp;amp;agrave; ho&amp;amp;amp;agrave;n th&amp;amp;amp;agrave;nh một cuộc kiểm to&amp;amp;amp;aacute;n để đưa ra c&amp;amp;amp;aacute;c &amp;amp;amp;yacute; kiến kiểm to&amp;amp;amp;aacute;n.&amp;amp;lt;/p&amp;amp;gt;&amp;lt;/p&amp;gt;&lt;/p&gt;
', 31, 99, 9, 1, 4, 2, 1)
INSERT [dbo].[SANPHAM] ([MaSP], [TenSP], [TacGia], [KichThuoc], [TrongLuong], [NgayPhatHanh], [Gia], [HinhAnh], [MoTa], [LuotXem], [SLNhap], [SLBan], [MaTheLoai], [MaCTPH], [MaNhaXuatBan], [MaTTSP]) VALUES (105, N'Kinh Tế Học Vi Mô', N'Vũ Việt Hằng , Đoàn Thị Mỹ Hạnh', N'14.5 x 20.5 cm      ', N'264       ', CAST(N'2016-03-24' AS Date), CAST(30000 AS Decimal(18, 0)), N'kinhtehocvimo.jpg', N'&lt;p&gt;N&amp;ocirc;̣i dung quy&amp;ecirc;̉n sách được chia thành 6 chương và m&amp;ocirc;̣t chương mở đ&amp;acirc;̀u theo trình tự ph&amp;acirc;n b&amp;ocirc;̉ n&amp;ocirc;̣i dung của m&amp;ocirc;n học, mà các giảng vi&amp;ecirc;n m&amp;ocirc;n học này thường áp dụng. Trong m&amp;ocirc;̃i chương đ&amp;ecirc;̀u có 5 ph&amp;acirc;̀n chính: lí thuy&amp;ecirc;́t, tóm tắt lí thuy&amp;ecirc;́t, c&amp;acirc;u hỏi trắc nghi&amp;ecirc;̣m, bài t&amp;acirc;̣p m&amp;acirc;̃u và bài t&amp;acirc;̣p. Ngoài ra còn có ph&amp;acirc;̀n giải đáp các c&amp;acirc;u hỏi trắc nghi&amp;ecirc;̣m và bài t&amp;acirc;̣p.&lt;/p&gt;

&lt;p&gt;Quy&amp;ecirc;̉n sách này sẽ giúp cho các bạn sinh vi&amp;ecirc;n học m&amp;ocirc;n Kinh t&amp;ecirc;́ vĩ m&amp;ocirc; d&amp;ecirc;̃ dàng hơn do có th&amp;ecirc;̉ h&amp;ecirc;̣ th&amp;ocirc;́ng hóa được lí thuy&amp;ecirc;́t, tự ki&amp;ecirc;̉m tra và củng c&amp;ocirc;́ được ki&amp;ecirc;́n thức, đ&amp;ocirc;̀ng thời tăng kỹ năng làm bài t&amp;acirc;̣p.&lt;/p&gt;
', 4, 99, 56, 4, 4, 2, 1)
INSERT [dbo].[SANPHAM] ([MaSP], [TenSP], [TacGia], [KichThuoc], [TrongLuong], [NgayPhatHanh], [Gia], [HinhAnh], [MoTa], [LuotXem], [SLNhap], [SLBan], [MaTheLoai], [MaCTPH], [MaNhaXuatBan], [MaTTSP]) VALUES (106, N'Thuật Tẩy Não', N'Cao Đức', N'13 x 20.5 cm        ', N'248       ', CAST(N'2016-06-21' AS Date), CAST(62000 AS Decimal(18, 0)), N'thuattaynao.jpg', N'&lt;p&gt;Dường như kh&amp;ocirc;ng ai tin bản th&amp;acirc;n m&amp;igrave;nh đang bị khống chế bởi t&amp;acirc;m hồn của một kẻ kh&amp;aacute;c, v&amp;igrave; rất &amp;iacute;t người hiểu được c&amp;aacute;ch thức hoạt động của việc khai th&amp;ocirc;ng tiềm thức v&amp;agrave; truyền b&amp;aacute; &amp;yacute; tưởng. Nhưng đ&amp;oacute; lại l&amp;agrave; vở kịch t&amp;agrave;i t&amp;igrave;nh do ch&amp;iacute;nh ch&amp;uacute;ng ta v&amp;agrave; người tẩy n&amp;atilde;o cấp cao dựng n&amp;ecirc;n. Kh&amp;ocirc;ng c&amp;oacute; &amp;yacute; tưởng n&amp;agrave;o tr&amp;ecirc;n đời xuất hiện khi con người chưa bị th&amp;ocirc;i mi&amp;ecirc;n. Nếu bạn c&amp;oacute; thể đi v&amp;agrave;o n&amp;atilde;o bộ của kh&amp;aacute;ch h&amp;agrave;ng, tiềm thức của kh&amp;aacute;ch h&amp;agrave;ng v&amp;agrave; xem x&amp;eacute;t kỹ c&amp;agrave;ng những nội dung phong ph&amp;uacute; b&amp;ecirc;n trong, hẳn l&amp;agrave; bạn sẽ nhận ra &amp;ldquo;sự thật tư duy&amp;rdquo;.&lt;/p&gt;

&lt;p&gt;&lt;b&gt;&lt;i&gt;Thuật tẩy n&amp;atilde;o&lt;/i&gt;&lt;/b&gt;&amp;nbsp;l&amp;agrave; một cuốn b&amp;aacute;ch khoa to&amp;agrave;n thư về kiểm so&amp;aacute;t t&amp;acirc;m l&amp;yacute;, một cuốn gi&amp;aacute;o tr&amp;igrave;nh t&amp;acirc;m l&amp;yacute; học gi&amp;uacute;p bạn thống trị cả thế giới. V&amp;agrave; cũng l&amp;agrave; một cuốn s&amp;aacute;ch truyền cảm hứng được dự đo&amp;aacute;n sẽ kh&amp;ocirc;ng tạo ra c&amp;aacute;c nh&amp;oacute;m mua, bởi hầu hết l&amp;atilde;nh đạo của c&amp;aacute;c doanh nghiệp đều sợ đối thủ cũng như cấp dưới của m&amp;igrave;nh đọc cuốn s&amp;aacute;ch n&amp;agrave;y.&lt;/p&gt;
', 35, 200, 90, 4, 4, 2, 1)
INSERT [dbo].[SANPHAM] ([MaSP], [TenSP], [TacGia], [KichThuoc], [TrongLuong], [NgayPhatHanh], [Gia], [HinhAnh], [MoTa], [LuotXem], [SLNhap], [SLBan], [MaTheLoai], [MaCTPH], [MaNhaXuatBan], [MaTTSP]) VALUES (107, N'Học Cách Tiêu Tiền', N'Larry Winget', N'14.5 x 20.5 cm      ', N'378       ', CAST(N'2016-03-24' AS Date), CAST(45000 AS Decimal(18, 0)), N'hoccachtieutien.jpg', N'&lt;p&gt;Tiền bạc lu&amp;ocirc;n l&amp;agrave; một trong những vấn đề quan trọng của cuộc sống. C&amp;oacute; thể, tiền kh&amp;ocirc;ng l&amp;agrave; mục ti&amp;ecirc;u h&amp;agrave;ng đầu đối với bạn, nhưng tiền lại c&amp;oacute; t&amp;aacute;c động đến hầu hết mọi kh&amp;iacute;a cạnh trong cuộc sống, những ước mơ, dự định trong tương lai của bạn đều &amp;iacute;t nhiều chịu sự chi phối của đồng tiền. Nghe c&amp;oacute; vẻ to t&amp;aacute;t qu&amp;aacute; phải kh&amp;ocirc;ng bạn? Vậy h&amp;atilde;y nghĩ đến những việc đơn giản hơn như mua đồ ăn, quần &amp;aacute;o, xăng xe; đi chơi, đi xem phim, đi ăn nh&amp;agrave; h&amp;agrave;ng; theo học bậc đại học, s&amp;aacute;ch vở, dụng cụ học tập&amp;hellip; tất cả đều cần c&amp;oacute; tiền. Ti&amp;ecirc;u tiền l&amp;agrave; một h&amp;agrave;nh động qu&amp;aacute; đỗi b&amp;igrave;nh thường, nhưng kh&amp;ocirc;ng c&amp;oacute; nghĩa l&amp;agrave; mọi người đều đ&amp;atilde; biết c&amp;aacute;ch ti&amp;ecirc;u tiền.&amp;nbsp;&lt;/p&gt;
', 43, 250, 45, 4, 4, 2, 1)
INSERT [dbo].[SANPHAM] ([MaSP], [TenSP], [TacGia], [KichThuoc], [TrongLuong], [NgayPhatHanh], [Gia], [HinhAnh], [MoTa], [LuotXem], [SLNhap], [SLBan], [MaTheLoai], [MaCTPH], [MaNhaXuatBan], [MaTTSP]) VALUES (108, N'Đánh Cắp Ý Tưởng', N'Steve Cone', N'14.5 x 20.5 cm      ', N'330       ', CAST(N'2016-05-15' AS Date), CAST(47000 AS Decimal(18, 0)), N'danhcapytuong.jpg', N'&lt;p&gt;Đ&amp;atilde; nhiều năm nay, tại th&amp;agrave;nh phố New York vẫn lan truyền một c&amp;acirc;u chuyện kể về lần gặp mặt đầu ti&amp;ecirc;n giữa Woody Allen v&amp;agrave; Arnold Schwarzenegger. Hai người gặp nhau tại một bữa tiệc rượu sang trọng được tổ chức ở Manhattan. Khi đ&amp;oacute;, Woody cầm ly rượu trong tay, tiến về ph&amp;iacute;a Schwarzenegger v&amp;agrave; hỏi: &amp;ldquo;Anh Arnold n&amp;agrave;y, kh&amp;ocirc;ng biết phải mất bao l&amp;acirc;u t&amp;ocirc;i mới giống như anh được nhỉ?&amp;rdquo; Arnold trả lời ngay kh&amp;ocirc;ng ch&amp;uacute;t ngần ngừ: &amp;ldquo;Hai thế hệ nữa.&amp;rdquo;&lt;/p&gt;

&lt;p&gt;Kh&amp;ocirc;ng giống như Woody, bạn kh&amp;ocirc;ng cần phải chờ l&amp;acirc;u đến vậy mới c&amp;oacute; thể thay đổi. T&amp;ocirc;i đ&amp;atilde; tổng hợp v&amp;agrave;o cuốn s&amp;aacute;ch n&amp;agrave;y c&amp;aacute;c &amp;yacute; tưởng v&amp;agrave; lời khuy&amp;ecirc;n thực tế, hữu &amp;iacute;ch của gần hai thế hệ v&amp;agrave; bạn c&amp;oacute; thể nắm bắt ch&amp;uacute;ng trong khoảng 1 đến 2 giờ. Bạn sẽ nhận thấy rằng những &amp;yacute; tưởng v&amp;agrave; kh&amp;aacute;i niệm trong cuốn s&amp;aacute;ch n&amp;agrave;y kh&amp;ocirc;ng được dạy trong trường lớp n&amp;agrave;o, thậm ch&amp;iacute; ngay cả trong thực tế c&amp;ocirc;ng việc của bạn. S&amp;aacute;ch được bố cục th&amp;agrave;nh nhiều chương ngắn gi&amp;uacute;p bạn dễ d&amp;agrave;ng theo d&amp;otilde;i v&amp;agrave; t&amp;ocirc;i tin rằng nội dung cuốn s&amp;aacute;ch đủ sức thu h&amp;uacute;t sự ch&amp;uacute; &amp;yacute; của c&amp;aacute;c bạn.&lt;/p&gt;
', 64, 150, 70, 4, 5, 1, 1)
INSERT [dbo].[SANPHAM] ([MaSP], [TenSP], [TacGia], [KichThuoc], [TrongLuong], [NgayPhatHanh], [Gia], [HinhAnh], [MoTa], [LuotXem], [SLNhap], [SLBan], [MaTheLoai], [MaCTPH], [MaNhaXuatBan], [MaTTSP]) VALUES (109, N'Tôi Cảm Thấy May Mắn', N'Douglas Edwards', N'17 x 24 cm          ', N'342       ', CAST(N'2015-01-20' AS Date), CAST(99000 AS Decimal(18, 0)), N'toicamthaymayman.jpg', N'&lt;p&gt;Douglas Edwards l&amp;agrave; gi&amp;aacute;m đốc tiếp thị ti&amp;ecirc;u d&amp;ugrave;ng v&amp;agrave; quản trị thương hiệu tại Google từ 1999 đến 2005, v&amp;agrave; chịu tr&amp;aacute;ch nhiệm h&amp;igrave;nh th&amp;agrave;nh văn phong v&amp;agrave; định hướng giao tiếp của c&amp;ocirc;ng ty với người d&amp;ugrave;ng.&lt;/p&gt;

&lt;p&gt;Douglas Edwards, nh&amp;acirc;n vi&amp;ecirc;n số 59, l&amp;agrave; người đầu ti&amp;ecirc;n b&amp;agrave;y tỏ quan điểm người trong cuộc tại Google. Anh chia sẻ, một c&amp;aacute;ch sinh động nhất, những điều mắt thấy tai nghe tại Google, ngay từ l&amp;uacute;c Google chưa trở th&amp;agrave;nh một trang web c&amp;ocirc;ng cụ t&amp;igrave;m kiếm lớn nhất thế giới như hiện nay. Người đọc sẽ say sưa trong những c&amp;acirc;u chuyện về sự va vấp v&amp;agrave; đứng l&amp;ecirc;n của Google. Th&amp;ocirc;ng qua những b&amp;agrave;i học được lồng gh&amp;eacute;p trong đ&amp;oacute;, người đọc như được truyền cảm hứng v&amp;agrave; muốn tự m&amp;igrave;nh đứng ra x&amp;acirc;y dựng c&amp;ocirc;ng ty c&amp;ocirc;ng nghệ hay Internet của ri&amp;ecirc;ng m&amp;igrave;nh. Ngo&amp;agrave;i ra, th&amp;ocirc;ng qua những c&amp;acirc;u chuyện kể trong quyển s&amp;aacute;ch, độc giả sẽ bắt gặp được những t&amp;ecirc;n tuổi của con người hay c&amp;ocirc;ng ty đang nổi hiện tại như Facebook, Twitter&amp;hellip; &amp;nbsp;&lt;/p&gt;
', 49, 250, 99, 4, 5, 1, 1)
INSERT [dbo].[SANPHAM] ([MaSP], [TenSP], [TacGia], [KichThuoc], [TrongLuong], [NgayPhatHanh], [Gia], [HinhAnh], [MoTa], [LuotXem], [SLNhap], [SLBan], [MaTheLoai], [MaCTPH], [MaNhaXuatBan], [MaTTSP]) VALUES (110, N'Đừng Nhảy Việc', N'Beverly Kaye , Sharon Jordan-Evans', N'16x24 cm            ', N'374       ', CAST(N'2014-09-01' AS Date), CAST(47000 AS Decimal(18, 0)), N'dungnhayviec.jpg', N'&lt;p&gt;Bạn kh&amp;ocirc;ng h&amp;agrave;i l&amp;ograve;ng với c&amp;ocirc;ng việc của m&amp;igrave;nh ư? Trước khi bỏ việc, h&amp;atilde;y lắng nghe những lời khuy&amp;ecirc;n của c&amp;aacute;c chuy&amp;ecirc;n gia Beverly Kaye v&amp;agrave; Sharon Jordan-Evans trong cuốn&lt;b&gt;&amp;nbsp;&amp;quot;Đừng nhảy việc: 26 c&amp;aacute;ch để đạt được những g&amp;igrave; bạn muốn tại nơi l&amp;agrave;m việc&amp;quot;&lt;/b&gt;&amp;nbsp;v&amp;agrave; học c&amp;aacute;ch y&amp;ecirc;u c&amp;ocirc;ng việc của m&amp;igrave;nh. - Dựa tr&amp;ecirc;n nghi&amp;ecirc;n cứu với 15.000 người c&amp;oacute; th&amp;acirc;m ni&amp;ecirc;n l&amp;agrave;m việc, Kaye v&amp;agrave; Sharon Jordan-Evans x&amp;aacute;c định c&amp;aacute;c yếu tố h&amp;agrave;ng đầu khiến nh&amp;acirc;n vi&amp;ecirc;n kh&amp;ocirc;ng nhảy việc bao gồm: cơ hội thăng tiến, mức lương c&amp;ocirc;ng bằng v&amp;agrave; thỏa đ&amp;aacute;ng. Từ những yếu tố n&amp;agrave;y, hai t&amp;aacute;c giả đ&amp;atilde; vẽ l&amp;ecirc;n c&amp;aacute;c c&amp;aacute;ch để kh&amp;ocirc;i phục con đường sự nghiệp bao gồm cảm h&amp;oacute;a những nh&amp;agrave; l&amp;atilde;nh đạo kh&amp;oacute; ưa, t&amp;igrave;m kiếm thật nhiều cố vấn, bảo vệ thời gian d&amp;agrave;nh cho gia đ&amp;igrave;nh, mang lại niềm vui trong c&amp;ocirc;ng việc, vượt l&amp;ecirc;n tr&amp;ecirc;n khả năng của bạn v&amp;agrave; giải quyết c&amp;aacute;c vấn đề kh&amp;oacute; khăn.&lt;/p&gt;
', 70, 150, 39, 4, 5, 1, 1)
INSERT [dbo].[SANPHAM] ([MaSP], [TenSP], [TacGia], [KichThuoc], [TrongLuong], [NgayPhatHanh], [Gia], [HinhAnh], [MoTa], [LuotXem], [SLNhap], [SLBan], [MaTheLoai], [MaCTPH], [MaNhaXuatBan], [MaTTSP]) VALUES (111, N'Dẫn Đầu Hay Là Chết', N'Grant Cardone ', N'13 x 20.5 cm        ', N'342       ', CAST(N'2014-07-17' AS Date), CAST(56000 AS Decimal(18, 0)), N'dandauhaylachet.jpg', N'&lt;p&gt;&lt;b&gt;Dẫn Đầu Hay L&amp;agrave; Chết&amp;nbsp;&lt;/b&gt;l&amp;agrave; cuốn s&amp;aacute;ch n&amp;oacute;i về c&amp;aacute;ch để b&amp;aacute;n sản phẩm v&amp;agrave; dịch vụ bất kể t&amp;igrave;nh h&amp;igrave;nh của nền kinh tế đang như thế n&amp;agrave;o v&amp;agrave; cung cấp cho người đọc những phương thức để tăng thu nhập, d&amp;ugrave; sản phẩm, dịch vụ hay &amp;yacute; tưởng của bạn c&amp;oacute; l&amp;agrave; g&amp;igrave; đi chăng nữa.&lt;/p&gt;

&lt;p&gt;Cuốn s&amp;aacute;ch chia sẻ những chiến lược đ&amp;atilde; được kiểm nghiệm của nhằm gi&amp;uacute;p người b&amp;aacute;n h&amp;agrave;ng kh&amp;ocirc;ng chỉ tiếp tục b&amp;aacute;n được h&amp;agrave;ng, m&amp;agrave; c&amp;ograve;n tạo ra sản phẩm mới, gia tăng lợi nhuận, chiếm lĩnh thị phần v&amp;agrave; thậm ch&amp;iacute; c&amp;ograve;n nhiều hơn thế.&lt;/p&gt;

&lt;p&gt;&lt;b&gt;Dẫn Đầu Hay L&amp;agrave; Chết&lt;/b&gt;&amp;nbsp;mang lại cho bạn đọc một bộ kỹ năng đ&amp;atilde; được t&amp;ocirc;i luyện trong thực tế, gi&amp;uacute;p c&amp;aacute;c bạn t&amp;igrave;m ra cơ hội v&amp;agrave; h&amp;agrave;nh động trước những đối thủ của m&amp;igrave;nh. Cuốn s&amp;aacute;ch khiến bạn đọc thức tỉnh trong khi cả thế giới đang mải ph&amp;agrave;n n&amp;agrave;n về v&amp;ocirc; số những vấn đề.&lt;/p&gt;
', 95, 250, 100, 4, 5, 1, 1)
INSERT [dbo].[SANPHAM] ([MaSP], [TenSP], [TacGia], [KichThuoc], [TrongLuong], [NgayPhatHanh], [Gia], [HinhAnh], [MoTa], [LuotXem], [SLNhap], [SLBan], [MaTheLoai], [MaCTPH], [MaNhaXuatBan], [MaTTSP]) VALUES (112, N'Thuật Bán Hàng Đỉnh Cao', N'Tom Sant', N'14.5 x 20.5 cm      ', N'462       ', CAST(N'2014-06-16' AS Date), CAST(63000 AS Decimal(18, 0)), N'thuatbanhangdinhcao.jpg', N'&lt;p&gt;Tom Sant l&amp;agrave; một chuy&amp;ecirc;n gia nổi tiếng thế giới về nghệ thuật thương lượng. &amp;Ocirc;ng được tạp ch&amp;iacute; T&amp;agrave;i năng b&amp;aacute;n h&amp;agrave;ng bầu chọn l&amp;agrave; một trong mười chuy&amp;ecirc;n gia đ&amp;agrave;o tạo b&amp;aacute;n h&amp;agrave;ng giỏi nhất năm 2014.&lt;/p&gt;

&lt;p&gt;Trong sự nghiệp của m&amp;igrave;nh, &amp;ocirc;ng đ&amp;atilde; đ&amp;agrave;o tạo được h&amp;agrave;ng ng&amp;agrave;n người b&amp;aacute;n h&amp;agrave;ng, gi&amp;aacute;m đốc điều h&amp;agrave;nh v&amp;agrave; v&amp;ocirc; số c&amp;aacute;c chuy&amp;ecirc;n gia b&amp;aacute;n lẻ...&lt;/p&gt;

&lt;p&gt;Kh&amp;aacute;ch h&amp;agrave;ng của &amp;ocirc;ng bao gồm nhiều c&amp;ocirc;ng ty danh tiếng như: Accenture, Microsoft, Motorola, AT&amp;amp;T, Cisco v&amp;agrave; h&amp;agrave;ng trăm c&amp;ocirc;ng ty kh&amp;aacute;c. &amp;Ocirc;ng sống tại San Luis Obispo, California.&lt;/p&gt;
', 92, 100, 77, 4, 15, 6, 1)
INSERT [dbo].[SANPHAM] ([MaSP], [TenSP], [TacGia], [KichThuoc], [TrongLuong], [NgayPhatHanh], [Gia], [HinhAnh], [MoTa], [LuotXem], [SLNhap], [SLBan], [MaTheLoai], [MaCTPH], [MaNhaXuatBan], [MaTTSP]) VALUES (113, N'Khởi Nghiệp Thông Minh', N'Nhiều Tác Giả', N'14.5 x 20.5 cm      ', N'270       ', CAST(N'2016-03-24' AS Date), CAST(56000 AS Decimal(18, 0)), N'khoinghiepthongminh.jpg', N'&lt;p&gt;Cuốn s&amp;aacute;ch n&amp;ecirc;u bật những kiến thức cơ bản m&amp;agrave; bất kỳ doanh nh&amp;acirc;n trẻ n&amp;agrave;o cũng cần hiểu r&amp;otilde; khi quyết định đầu tư c&amp;ocirc;ng sức, tiền bạc v&amp;agrave;o đứa con của m&amp;igrave;nh. Từ những l&amp;yacute; do cần tr&amp;aacute;nh khi khởi nghiệp đến c&amp;aacute;c bước chuẩn bị cho khởi nghiệp, từ m&amp;ocirc; h&amp;igrave;nh Smartup đến c&amp;aacute;ch tho&amp;aacute;t khỏi c&amp;ocirc;ng ty sau khởi nghiệp th&amp;agrave;nh c&amp;ocirc;ng - một trong những nội dung th&amp;uacute; vị nhất của quyển s&amp;aacute;ch.&amp;quot;&lt;/p&gt;

&lt;p&gt;&amp;quot;L&amp;agrave; tập hợp những c&amp;acirc;u chuyện thực tế, những case study (điển cứu) từ ch&amp;iacute;nh cuộc sống với lời văn nhẹ nh&amp;agrave;ng, ngắn gọn v&amp;agrave; c&amp;aacute;c kết luận sắc b&amp;eacute;n, cuốn s&amp;aacute;ch sẽ gi&amp;uacute;p c&amp;aacute;c bạn trẻ th&amp;ecirc;m phần tự tin khi khởi nghiệp&amp;quot;&lt;/p&gt;
', 80, 150, 20, 4, 15, 6, 1)
INSERT [dbo].[SANPHAM] ([MaSP], [TenSP], [TacGia], [KichThuoc], [TrongLuong], [NgayPhatHanh], [Gia], [HinhAnh], [MoTa], [LuotXem], [SLNhap], [SLBan], [MaTheLoai], [MaCTPH], [MaNhaXuatBan], [MaTTSP]) VALUES (114, N'Cẩm Nang Việc Làm', N'Nhiều Tác Giả', N'16x24 cm            ', N'378       ', CAST(N'2016-05-30' AS Date), CAST(91000 AS Decimal(18, 0)), N'camnangvieclam.jpg', N'&lt;p&gt;Hằng năm, Việt Nam đ&amp;oacute;n nhận khoảng một trăm ngh&amp;igrave;n sinh vi&amp;ecirc;n tốt nghiệp ra trường từ c&amp;aacute;c ng&amp;agrave;nh nghề kh&amp;aacute;c nhau, chủ yếu vẫn l&amp;agrave; từ c&amp;aacute;c ng&amp;agrave;nh học thuộc khối kinh doanh v&amp;agrave; kinh tế. Trong khi c&amp;aacute;c doanh nghiệp khối tư nh&amp;acirc;n, trong đ&amp;oacute; c&amp;oacute; cả c&amp;aacute;c c&amp;ocirc;ng ty nước ngo&amp;agrave;i, k&amp;ecirc;u than kh&amp;ocirc;ng ngừng về việc thiếu hụt nh&amp;acirc;n lực th&amp;igrave; lực lượng lao động trẻ thất nghiệp vẫn chiếm gần 50% tr&amp;ecirc;n tổng số người thất nghiệp của cả nước. &amp;ldquo;Nghịch cảnh&amp;rdquo; tr&amp;ecirc;n l&amp;agrave; một thực tế nhức nhối đ&amp;atilde; l&amp;agrave;m tốn biết bao b&amp;uacute;t mực t&amp;igrave;m lời giải của c&amp;aacute;c cơ quan, ban ng&amp;agrave;nh hữu quan. Ngo&amp;agrave;i nguy&amp;ecirc;n nh&amp;acirc;n kh&amp;aacute;ch quan, th&amp;igrave; c&amp;oacute; một nguy&amp;ecirc;n nh&amp;acirc;n chủ quan dẫn đến t&amp;igrave;nh trạng tr&amp;ecirc;n đ&amp;oacute; l&amp;agrave; định hướng nghề nghiệp,t&amp;iacute;nh chủ động, v&amp;agrave; kỹ năng t&amp;igrave;m kiếm việc l&amp;agrave;m của sinh vi&amp;ecirc;n Việt Nam chưa cao.&lt;/p&gt;
', 66, 200, 42, 4, 15, 6, 1)
INSERT [dbo].[SANPHAM] ([MaSP], [TenSP], [TacGia], [KichThuoc], [TrongLuong], [NgayPhatHanh], [Gia], [HinhAnh], [MoTa], [LuotXem], [SLNhap], [SLBan], [MaTheLoai], [MaCTPH], [MaNhaXuatBan], [MaTTSP]) VALUES (115, N'O, Mari!', N'Robert Enghibarian', N'13 x 20.5 cm        ', N'242       ', CAST(N'2016-06-21' AS Date), CAST(83000 AS Decimal(18, 0)), N'omari.jpg', N'&lt;p&gt;&lt;b&gt;&lt;i&gt;&amp;ldquo;O, Mari!&amp;rdquo;&lt;/i&gt;&lt;/b&gt;&amp;nbsp;thuật lại mối t&amp;igrave;nh của ch&amp;agrave;ng trai người bản địa Armenia t&amp;ecirc;n Đavid v&amp;agrave; Mari, c&amp;ocirc; g&amp;aacute;i trẻ xinh đẹp c&amp;oacute; bố l&amp;agrave; người gốc Armenia, mẹ l&amp;agrave; người Ph&amp;aacute;p, giữa bối cảnh x&amp;atilde; hội c&amp;oacute; nhiều vấn đề phức tạp của lịch sử thời kỳ &amp;ldquo;băng tan&amp;rdquo; những năm 50, 60 thế kỷ trước ở Li&amp;ecirc;n X&amp;ocirc;, với bao trở ngại thử th&amp;aacute;ch đặt ra cho đ&amp;ocirc;i uy&amp;ecirc;n ương. Vấp phải sự phản đối của gia đ&amp;igrave;nh, người th&amp;acirc;n, song Đavid vẫn một l&amp;ograve;ng một dạ với Mari. T&amp;igrave;nh y&amp;ecirc;u khăng kh&amp;iacute;t k&amp;eacute;o d&amp;agrave;i qua những năm th&amp;aacute;ng dưới m&amp;aacute;i trường Đại học, cho đến khi cả hai tốt nghiệp, thu xếp c&amp;ocirc;ng việc,&amp;hellip; Những tưởng họ sẽ gắn b&amp;oacute; b&amp;ecirc;n nhau cho đến khi Mari theo gia đ&amp;igrave;nh t&amp;aacute;i định cư tại Paris&amp;hellip;&amp;nbsp;&lt;/p&gt;

&lt;p&gt;Con người v&amp;agrave; thể chế, t&amp;igrave;nh y&amp;ecirc;u v&amp;agrave; t&amp;igrave;nh cảm, nghĩa vụ, t&amp;igrave;nh bạn v&amp;agrave; sự phản bội, sự n&amp;oacute;ng vội của tuổi trẻ v&amp;agrave; sự s&amp;aacute;ng suốt của tuổi trưởng th&amp;agrave;nh, những m&amp;ocirc; t&amp;iacute;p của c&amp;aacute;c h&amp;agrave;nh động con người, những sự thất thường của số phận lu&amp;ocirc;n thay đổi &amp;ndash; đ&amp;oacute; chỉ l&amp;agrave; một &amp;iacute;t vấn đề m&amp;agrave; t&amp;aacute;c giả suy nghĩ tới.&lt;/p&gt;
', 100, 150, 101, 2, 15, 6, 1)
INSERT [dbo].[SANPHAM] ([MaSP], [TenSP], [TacGia], [KichThuoc], [TrongLuong], [NgayPhatHanh], [Gia], [HinhAnh], [MoTa], [LuotXem], [SLNhap], [SLBan], [MaTheLoai], [MaCTPH], [MaNhaXuatBan], [MaTTSP]) VALUES (116, N'Kẻ Nặn Bóng', N'Daniel José Older', N'17 x 24 cm          ', N'484       ', CAST(N'2016-06-21' AS Date), CAST(63000 AS Decimal(18, 0)), N'kenanbong.jpg', N'&lt;p&gt;&lt;b&gt;&lt;i&gt;Kẻ nặn b&amp;oacute;ng&lt;/i&gt;&lt;/b&gt;&amp;nbsp;l&amp;agrave; cuốn tiểu thuyết của t&amp;aacute;c giả Daniel Jos&amp;eacute; Older, ra mắt độc giả thế giới năm 2015, đ&amp;acirc;y cũng l&amp;agrave; cuốn tiểu thuyết đ&amp;atilde; mang lại cho &amp;ocirc;ng giải thưởng The Kirkus Prize, hạng mục Văn học d&amp;agrave;nh cho giới trẻ.&lt;/p&gt;

&lt;p&gt;Xuy&amp;ecirc;n suốt cuốn s&amp;aacute;ch, độc giả sẽ bị cuốn v&amp;agrave;o cuộc phi&amp;ecirc;u lưu của nh&amp;acirc;n vật ch&amp;iacute;nh Sierra Santiago - một c&amp;ocirc; g&amp;aacute;i trẻ bất ngờ ph&amp;aacute;t hiện ra m&amp;igrave;nh sở hữu năng lực đặc biệt, c&amp;oacute; thể nh&amp;agrave;o nặn v&amp;agrave; k&amp;yacute; gửi c&amp;aacute;c linh hồn v&amp;agrave;o trong những bức vẽ.&amp;nbsp;&lt;/p&gt;

&lt;p&gt;Sierra l&amp;agrave; một c&amp;ocirc; b&amp;eacute; c&amp;aacute; t&amp;iacute;nh mang trong m&amp;igrave;nh d&amp;ograve;ng m&amp;aacute;u lai Puerto Rico, với m&amp;aacute;i t&amp;oacute;c b&amp;ocirc;ng x&amp;ugrave; v&amp;agrave; l&amp;agrave;n da n&amp;acirc;u đậm chất Latin. C&amp;ocirc; b&amp;eacute; đ&amp;atilde; l&amp;ecirc;n kế hoạch cho một m&amp;ugrave;a h&amp;egrave; &amp;ecirc;m ả với c&amp;ocirc;ng việc l&amp;agrave;m th&amp;ecirc;m ph&amp;ugrave; hợp với sở th&amp;iacute;ch của bản th&amp;acirc;n l&amp;agrave; vẽ những bức b&amp;iacute;ch họa l&amp;ecirc;n tường khu T&amp;ograve;a th&amp;aacute;p v&amp;agrave; thoải m&amp;aacute;i tiệc t&amp;ugrave;ng vui đ&amp;ugrave;a với bạn b&amp;egrave;.&amp;nbsp;&lt;/p&gt;
', 99, 300, 150, 2, 15, 6, 1)
INSERT [dbo].[SANPHAM] ([MaSP], [TenSP], [TacGia], [KichThuoc], [TrongLuong], [NgayPhatHanh], [Gia], [HinhAnh], [MoTa], [LuotXem], [SLNhap], [SLBan], [MaTheLoai], [MaCTPH], [MaNhaXuatBan], [MaTTSP]) VALUES (117, N'Vỡ Tổ', N'Rabindranath Tagore', N'14.5 x 20.5 cm      ', N'378       ', CAST(N'2015-01-20' AS Date), CAST(35000 AS Decimal(18, 0)), N'voto.jpg', N'&lt;p&gt;Bối cảnh của&amp;nbsp;&lt;b&gt;Vỡ Tổ (The Broken Nest)&amp;nbsp;&lt;/b&gt;l&amp;agrave; một ng&amp;ocirc;i nh&amp;agrave; chung của nhiều gia đ&amp;igrave;nh, tương tự với ng&amp;ocirc;i nh&amp;agrave; m&amp;agrave; ở đ&amp;oacute; Tagore đ&amp;atilde; lớn l&amp;ecirc;n. &amp;Ocirc;ng biết tất cả những c&amp;aacute;i hay c&amp;aacute;i dở của kiểu nh&amp;agrave; như thế, bao gồm nhiều nh&amp;aacute;nh của một gia tộc sống dưới một m&amp;aacute;i nh&amp;agrave;, dưới quyền h&amp;agrave;nh v&amp;agrave; sự bảo trợ của người cha hoặc người anh cả. Hệ thống n&amp;agrave;y c&amp;oacute; vẻ cổ lỗ v&amp;agrave; tỏ ra kh&amp;oacute; đứng vững trong một thời đại th&amp;agrave;nh thị h&amp;oacute;a nhanh ch&amp;oacute;ng, nhưng trong thế kỉ 19, n&amp;oacute; gi&amp;uacute;p củng cố cơ cấu x&amp;atilde; hội v&amp;agrave; thường c&amp;aacute;ch xa điểm tan vỡ khi thực d&amp;acirc;n phương T&amp;acirc;y đổ v&amp;agrave;o Ấn Độ qua ngả Bengal. C&amp;aacute;c gia đ&amp;igrave;nh duy tr&amp;igrave; những kiểu nh&amp;agrave; như thế nhằm t&amp;igrave;m kiếm một sự an to&amp;agrave;n thật sự, cả về t&amp;agrave;i ch&amp;iacute;nh v&amp;agrave; t&amp;acirc;m l&amp;iacute;.&lt;/p&gt;

&lt;p&gt;Vỡ Tổ&amp;nbsp;l&amp;agrave; một bi kịch gia đ&amp;igrave;nh, nhưng hiện thực ch&amp;iacute;nh trị bao tr&amp;ugrave;m l&amp;ecirc;n to&amp;agrave;n bộ c&amp;acirc;u chuyện. Ngay ở c&amp;acirc;u thứ hai, Tagore đ&amp;atilde; &amp;aacute;m chỉ một c&amp;aacute;ch h&amp;oacute;m hỉnh thực tế n&amp;agrave;y khi &amp;ocirc;ng nhận x&amp;eacute;t rằng Bhupati kh&amp;ocirc;ng phải l&amp;agrave;m việc để kiếm sống v&amp;igrave; anh c&amp;oacute; nhiều tiền v&amp;agrave; v&amp;igrave; anh sống ở một xứ n&amp;oacute;ng. C&amp;oacute; lẽ những người sống ở xứ n&amp;oacute;ng sống được v&amp;igrave; dễ d&amp;agrave;ng nhặt quả ch&amp;iacute;n từ những c&amp;aacute;i c&amp;acirc;y gần nhất, nhưng ph&amp;iacute;a sau đ&amp;oacute; mỉa mai, nhắc nhở đến việc h&amp;agrave;nh nghề b&amp;aacute;o ch&amp;iacute; của Bhupati c&amp;oacute; tham dự v&amp;agrave;o ch&amp;iacute;nh trị, cho thấy bầu kh&amp;ocirc;ng kh&amp;iacute; ch&amp;iacute;nh trị của Ấn Độ cũng n&amp;oacute;ng như kh&amp;iacute; hậu vậy.&lt;/p&gt;
', 44, 150, 20, 2, 2, 5, 1)
INSERT [dbo].[SANPHAM] ([MaSP], [TenSP], [TacGia], [KichThuoc], [TrongLuong], [NgayPhatHanh], [Gia], [HinhAnh], [MoTa], [LuotXem], [SLNhap], [SLBan], [MaTheLoai], [MaCTPH], [MaNhaXuatBan], [MaTTSP]) VALUES (118, N'Nanh Trắng', N'Jack London', N'16 x 24 cm          ', N'444       ', CAST(N'2016-06-21' AS Date), CAST(81000 AS Decimal(18, 0)), N'nanhtrang.jpg', N'&lt;p&gt;Cuối thế kỷ XIX tại Canada, con người đổ x&amp;ocirc; đi t&amp;igrave;m v&amp;agrave;ng tại những v&amp;ugrave;ng lạnh gi&amp;aacute; phương bắc. Được thừa hưởng tất cả những g&amp;igrave; tinh t&amp;uacute;y nhất của s&amp;oacute;i bố Một mắt v&amp;agrave; mẹ Kiche, Nanh Trắng sinh ra như để trở th&amp;agrave;nh một chiến binh s&amp;oacute;i đơn độc với bản năng sinh tồn dẻo dai đến k&amp;igrave; lạ trong m&amp;ocirc;i trường khắc nghiệt ấy.&lt;/p&gt;

&lt;p&gt;Sau lần mẹ Kiche bất ngờ gặp lại những chủ cũ, Nanh Trắng bước ch&amp;acirc;n v&amp;agrave;o thế giới con người. Từ đấy, cuộc sống của Nanh Trắng gắn liền v&amp;agrave;o những cuộc rượt đuổi, cắn x&amp;eacute; nhau giữa những kẻ c&amp;ugrave;ng d&amp;ograve;ng giống, những c&amp;uacute; đạnh ch&amp;iacute; mạng khi lỡ phạm sai lầm, nhưng cơn đ&amp;oacute;i triền mi&amp;ecirc;n tưởng c&amp;oacute; thể l&amp;igrave;a đời, sự t&amp;ugrave; đ&amp;agrave;y giam cầm t&amp;agrave;n bạo. Thế nhưng, khi sự sống tưởng như đ&amp;atilde; tuyệt vọng, Nanh Trắng lại gặp được Weedon Scott, một con người nh&amp;acirc;n hậu. Kể từ đ&amp;oacute;, Nanh Trắng mới biết về l&amp;ograve;ng tin v&amp;agrave; l&amp;ograve;ng y&amp;ecirc;u thương...&lt;/p&gt;
', 100, 200, 98, 2, 2, 5, 1)
INSERT [dbo].[SANPHAM] ([MaSP], [TenSP], [TacGia], [KichThuoc], [TrongLuong], [NgayPhatHanh], [Gia], [HinhAnh], [MoTa], [LuotXem], [SLNhap], [SLBan], [MaTheLoai], [MaCTPH], [MaNhaXuatBan], [MaTTSP]) VALUES (119, N'Cá Hồi', N'Ahn Do-hyun , Han Byung-ho', N'20 x 24 cm          ', N'342       ', CAST(N'2014-06-16' AS Date), CAST(50000 AS Decimal(18, 0)), N'cahoi.jpg', N'&lt;p&gt;&amp;ldquo; &amp;lsquo;Anh đ&amp;atilde; t&amp;igrave;m thấy lẽ sống rồi chứ?&amp;rsquo;&lt;/p&gt;

&lt;p&gt;Mắt Trong hỏi &amp;Aacute;nh Bạc.&lt;/p&gt;

&lt;p&gt;&amp;Aacute;nh Bạc thốt nhi&amp;ecirc;n ngượng ng&amp;ugrave;ng.&lt;/p&gt;

&lt;p&gt;N&amp;oacute; nhớ đ&amp;atilde; từng cho rằng c&amp;ograve;n c&amp;oacute; lẽ sống quan trọng hơn việc đẻ trứng.&lt;/p&gt;

&lt;p&gt;&amp;lsquo;Anh đ&amp;atilde; hiểu ra rằng &amp;yacute; nghĩa của cuộc sống n&amp;agrave;y tuyệt nhi&amp;ecirc;n kh&amp;ocirc;ng ở đ&amp;acirc;u xa.&amp;rsquo;&lt;/p&gt;

&lt;p&gt;&amp;nbsp;&amp;Aacute;nh Bạc cảm gi&amp;aacute;c cuối c&amp;ugrave;ng đ&amp;atilde; đến l&amp;uacute;c kết th&amp;uacute;c h&amp;agrave;nh tr&amp;igrave;nh xa chưa từng thấy n&amp;agrave;y.&amp;rdquo;&lt;/p&gt;
', 67, 150, 42, 2, 2, 5, 1)
INSERT [dbo].[SANPHAM] ([MaSP], [TenSP], [TacGia], [KichThuoc], [TrongLuong], [NgayPhatHanh], [Gia], [HinhAnh], [MoTa], [LuotXem], [SLNhap], [SLBan], [MaTheLoai], [MaCTPH], [MaNhaXuatBan], [MaTTSP]) VALUES (120, N'Vị Hạt Táo', N'Katharina Hagena', N'20 x 24 cm          ', N'378       ', CAST(N'2016-03-24' AS Date), CAST(53000 AS Decimal(18, 0)), N'vihattao.jpg', N'&lt;p&gt;B&amp;iacute; ẩn, n&amp;ecirc;n thơ v&amp;agrave; l&amp;ocirc;i cuốn - ba từ mới h&amp;igrave;nh dung về văn học Đức qua&amp;nbsp;&lt;b&gt;&lt;i&gt;Vị Hạt T&amp;aacute;o.&lt;/i&gt;&lt;/b&gt;&lt;/p&gt;

&lt;p&gt;Triết l&amp;yacute;, kh&amp;ocirc; khan v&amp;agrave; ảm đạm - đ&amp;oacute; l&amp;agrave; những từ thường được d&amp;ugrave;ng để mi&amp;ecirc;u tả nền văn học Đức. Song với&amp;nbsp;&lt;b&gt;&lt;i&gt;Vị Hạt T&amp;aacute;o,&lt;/i&gt;&lt;/b&gt;&amp;nbsp;cuốn tiểu thuyết đầy sức h&amp;uacute;t của Katharina Hagena, người đọc c&amp;oacute; thể qu&amp;ecirc;n đi ấn tượng ấy.&lt;/p&gt;

&lt;p&gt;Như tựa s&amp;aacute;ch, hương t&amp;aacute;o v&amp;agrave; vị t&amp;aacute;o vấn v&amp;iacute;t lấy c&amp;acirc;u chuyện về ba thế hệ nữ nh&amp;acirc;n trong một gia đ&amp;igrave;nh: kh&amp;ocirc;ng nồng gắt nhưng &amp;aacute;m ảnh. Mỗi c&amp;aacute; nh&amp;acirc;n l&amp;agrave; một thế giới nội tại mờ biệt, kh&amp;oacute; l&amp;iacute; giải, ch&amp;iacute;nh v&amp;igrave; vậy khiến ng&amp;ocirc;i nh&amp;agrave; cũng mang vẻ u ẩn.&lt;/p&gt;

&lt;p&gt;Sau khi Bertha - b&amp;agrave; ngoại qua đời, nh&amp;acirc;n vật xưng T&amp;ocirc;i về lại ng&amp;ocirc;i nh&amp;agrave; của gia đ&amp;igrave;nh m&amp;agrave; nay c&amp;ocirc; được thừa kế. Từng bước kh&amp;aacute;m ph&amp;aacute; điền sản n&amp;agrave;y l&amp;agrave; từng bước b&amp;oacute;c t&amp;aacute;ch qu&amp;aacute; khứ l&amp;egrave;n xếp những b&amp;iacute; mật v&amp;agrave; nỗi đau gắn với những thế hệ trước, hoặc người đ&amp;atilde; khuất. T&amp;ocirc;i muốn gọi lại d&amp;ograve;ng k&amp;iacute; ức đang trườn ra khỏi v&amp;ugrave;ng nhớ, để ch&amp;iacute; &amp;iacute;t kh&amp;ocirc;ng bị đẩy xa th&amp;ecirc;m khỏi gia đ&amp;igrave;nh; ngược lại, k&amp;iacute; ức cũng vẫy T&amp;ocirc;i bằng đ&amp;ocirc;i c&amp;aacute;nh mi&amp;ecirc;n m&amp;agrave;ng của n&amp;oacute;. B&amp;agrave; ngoại Bertha hiện l&amp;ecirc;n trong mối quan hệ với chị g&amp;aacute;i b&amp;agrave; - b&amp;agrave; Anna, với &amp;ocirc;ng ngoại hay &amp;ocirc;ng gi&amp;aacute;o gi&amp;agrave; Lexow; mẹ T&amp;ocirc;i c&amp;ugrave;ng c&amp;aacute;c d&amp;igrave; được khắc họa th&amp;ocirc;ng qua những suy nghĩ, x&amp;uacute;c cảm d&amp;agrave;nh cho nhau; tới lượt T&amp;ocirc;i, một c&amp;aacute;ch v&amp;ocirc; t&amp;igrave;nh, tự bộc lộ m&amp;igrave;nh tr&amp;ecirc;n nền mối li&amp;ecirc;n kết với những người phụ nữ trong gia đ&amp;igrave;nh v&amp;agrave; b&amp;egrave; bạn thuở ấu thơ. Tựu lại, mỗi số phận kh&amp;ocirc;ng được kể ri&amp;ecirc;ng m&amp;agrave; chăng c&amp;agrave;i tạo n&amp;ecirc;n lớp lang cho c&amp;acirc;u chuyện, độc giả d&amp;otilde;i theo một nh&amp;acirc;n vật cũng l&amp;agrave; d&amp;otilde;i theo nhiều nh&amp;acirc;n vật kh&amp;aacute;c.&lt;/p&gt;
', 100, 200, 99, 2, 2, 5, 1)
INSERT [dbo].[SANPHAM] ([MaSP], [TenSP], [TacGia], [KichThuoc], [TrongLuong], [NgayPhatHanh], [Gia], [HinhAnh], [MoTa], [LuotXem], [SLNhap], [SLBan], [MaTheLoai], [MaCTPH], [MaNhaXuatBan], [MaTTSP]) VALUES (121, N'Tôi Muốn Yêu Một Người Thật Lâu', N'Gỗ', N'20 x 24 cm          ', N'270       ', CAST(N'2016-06-21' AS Date), CAST(60000 AS Decimal(18, 0)), N'toimuonyeu.jpg', N'&lt;p&gt;Thế giới của những kẻ đang y&amp;ecirc;u như một bản nhạc l&amp;ograve;ng gi&amp;agrave;u &amp;acirc;m sắc v&amp;agrave; thanh điệu.&amp;nbsp;&lt;b&gt;&lt;i&gt;&amp;ldquo;T&amp;ocirc;i muốn y&amp;ecirc;u một người thật l&amp;acirc;u&amp;rdquo;&lt;/i&gt;&lt;/b&gt;&amp;nbsp;ch&amp;iacute;nh l&amp;agrave; nốt trầm s&amp;acirc;u lắng rơi v&amp;agrave;o tim bạn những rung động nhẹ nh&amp;agrave;ng, b&amp;igrave;nh dị v&amp;agrave; gần gũi.&amp;nbsp;&lt;/p&gt;

&lt;p&gt;&amp;ldquo;Th&amp;agrave;nh phố b&amp;eacute; thế th&amp;ocirc;i, sẽ c&amp;oacute; l&amp;uacute;c ch&amp;uacute;ng ta gặp lại những người, những việc đ&amp;atilde; từng l&amp;agrave; của m&amp;igrave;nh. Cảm gi&amp;aacute;c ấy n&amp;oacute; lạ lắm! Nhưng v&amp;igrave; kh&amp;ocirc;ng c&amp;ograve;n y&amp;ecirc;u n&amp;ecirc;n cũng thấy nhẹ l&amp;ograve;ng. Mỉm cười để mọi thứ qua đi, mới l&amp;agrave; c&amp;aacute;ch để đ&amp;oacute;n nhận hạnh ph&amp;uacute;c.&amp;rdquo;&lt;/p&gt;

&lt;p&gt;Chữ &amp;ldquo;Y&amp;ecirc;u&amp;rdquo; vốn ngắn. Chỉ y&amp;ecirc;u th&amp;ocirc;i l&amp;agrave; chưa đủ.&lt;/p&gt;

&lt;p&gt;Đ&amp;atilde; bao giờ bạn v&amp;ocirc; thức hỏi người ấy: &amp;ldquo;Ch&amp;uacute;ng ta sẽ b&amp;ecirc;n nhau bao l&amp;acirc;u?&amp;rdquo; V&amp;agrave; cảm gi&amp;aacute;c hồi hộp khi nghe họ n&amp;oacute;i rằng: &amp;ldquo;Mong l&amp;agrave; sẽ l&amp;acirc;u, kh&amp;ocirc;ng bu&amp;ocirc;ng tha nhau ra được đ&amp;acirc;u.&amp;rdquo; Bấy nhi&amp;ecirc;u th&amp;ocirc;i l&amp;agrave; đủ để hy vọng v&amp;agrave;o một mối quan hệ tử tế.&lt;/p&gt;

&lt;p&gt;Xuy&amp;ecirc;n suốt cuốn s&amp;aacute;ch bạn đang cầm tr&amp;ecirc;n tay, l&amp;agrave; những ng&amp;agrave;y buồn t&amp;ecirc;nh như c&amp;aacute;nh chuồn chuồn lướt tr&amp;ecirc;n mặt nước những ng&amp;agrave;y sau chia tay, l&amp;agrave; chuyến đi xa nh&amp;agrave; c&amp;ugrave;ng người lạ tr&amp;ecirc;n những chặng h&amp;agrave;nh tr&amp;igrave;nh n&amp;ocirc;ng nổi, l&amp;agrave; cảm gi&amp;aacute;c muốn giữ thật chặt ai đ&amp;oacute; trong l&amp;ograve;ng chẳng muốn họ rời đi. Nhưng sau c&amp;ugrave;ng, điều c&amp;ograve;n s&amp;oacute;t lại b&amp;ecirc;n cạnh ch&amp;uacute;ng ta chỉ c&amp;ograve;n l&amp;agrave; những mảng k&amp;yacute; ức rời rạc, cứ sống động v&amp;agrave; khắc s&amp;acirc;u trong tr&amp;iacute; nhớ của nhau.&amp;nbsp;&lt;/p&gt;

&lt;p&gt;Y&amp;ecirc;u một người chưa bao giờ l&amp;agrave; điều dễ d&amp;agrave;ng.&amp;nbsp;&lt;/p&gt;
', 150, 200, 149, 2, 6, 3, 1)
INSERT [dbo].[SANPHAM] ([MaSP], [TenSP], [TacGia], [KichThuoc], [TrongLuong], [NgayPhatHanh], [Gia], [HinhAnh], [MoTa], [LuotXem], [SLNhap], [SLBan], [MaTheLoai], [MaCTPH], [MaNhaXuatBan], [MaTTSP]) VALUES (122, N'Trước Ngày Em Đến', N'Jojo Moyes', N'16 x 24 cm          ', N'342       ', CAST(N'2016-05-20' AS Date), CAST(83000 AS Decimal(18, 0)), N'trucngayemden.jpg', N'&lt;p&gt;C&amp;ocirc; biết từ trạm xe bu&amp;yacute;t đến nh&amp;agrave; c&amp;oacute; bao nhi&amp;ecirc;u bước ch&amp;acirc;n. C&amp;ocirc; &amp;yacute; thức được rằng m&amp;igrave;nh th&amp;iacute;ch l&amp;agrave;m việc trong qu&amp;aacute;n c&amp;agrave;-ph&amp;ecirc; B&amp;aacute;nh Bơ, cũng như c&amp;ocirc; kh&amp;ocirc;ng c&amp;ograve;n y&amp;ecirc;u g&amp;atilde; bạn trai Patrick nữa.&lt;/p&gt;

&lt;p&gt;Điều Lou kh&amp;ocirc;ng thể n&amp;agrave;o ngờ tới ch&amp;iacute;nh l&amp;agrave; c&amp;ocirc; sắp bị mất việc v&amp;agrave; sắp sửa phải đối diện với một chuyện kinh ho&amp;agrave;ng.&lt;/p&gt;

&lt;p&gt;Will Traynor th&amp;igrave; thừa hiểu tai nạn m&amp;ocirc;-t&amp;ocirc; đ&amp;atilde; cướp đi mọi ước muốn sống của anh. Anh biết rằng mọi thứ trong cuộc đời n&amp;agrave;y chẳng c&amp;oacute; &amp;yacute; nghĩa g&amp;igrave;, cũng như niềm vui l&amp;agrave; một thứ g&amp;igrave; đ&amp;oacute; ở đ&amp;acirc;u đ&amp;acirc;u ngo&amp;agrave;i tầm với. Anh c&amp;ograve;n biết được l&amp;agrave;m c&amp;aacute;ch n&amp;agrave;o để đặt dấu chấm hết cho tất cả những điều n&amp;agrave;y.&lt;/p&gt;

&lt;p&gt;Tuy nhi&amp;ecirc;n, điều Will kh&amp;ocirc;ng thể tưởng tượng nổi l&amp;agrave; Lou sắp sửa l&amp;agrave;m n&amp;aacute;o loạn cuộc đời anh. Cả hai đều kh&amp;ocirc;ng biết rằng họ sẽ l&amp;agrave;m thay đổi nhau.&lt;/p&gt;
', 150, 200, 140, 2, 6, 3, 1)
INSERT [dbo].[SANPHAM] ([MaSP], [TenSP], [TacGia], [KichThuoc], [TrongLuong], [NgayPhatHanh], [Gia], [HinhAnh], [MoTa], [LuotXem], [SLNhap], [SLBan], [MaTheLoai], [MaCTPH], [MaNhaXuatBan], [MaTTSP]) VALUES (123, N'Ngôi Nhà Say Ngủ', N'Don Wood , Audrey Wood', N'14.5 x 20.5 cm      ', N'282       ', CAST(N'2016-05-20' AS Date), CAST(35000 AS Decimal(18, 0)), N'ngoinhasayngu.jpg', N'&lt;p&gt;Trong một ng&amp;ocirc;i nh&amp;agrave; đang say ngủ, c&amp;oacute; một chiếc giường ấm &amp;aacute;p.&lt;/p&gt;

&lt;p&gt;Tr&amp;ecirc;n giường c&amp;oacute; một b&amp;agrave; l&amp;atilde;o đang ng&amp;aacute;y.&lt;/p&gt;

&lt;p&gt;Nằm tr&amp;ecirc;n người b&amp;agrave; l&amp;atilde;o l&amp;agrave; một ch&amp;uacute; b&amp;eacute; đang mơ m&amp;agrave;ng.&lt;/p&gt;

&lt;p&gt;Nằm tr&amp;ecirc;n người ch&amp;uacute; b&amp;eacute; l&amp;agrave; một ch&amp;uacute; ch&amp;oacute; đang g&amp;agrave; gật.&lt;/p&gt;

&lt;p&gt;Nằm tr&amp;ecirc;n người ch&amp;uacute; ch&amp;oacute; l&amp;agrave; một ch&amp;uacute; m&amp;egrave;o đang lim dim.&lt;/p&gt;

&lt;p&gt;V&amp;agrave; nằm tr&amp;ecirc;n người ch&amp;uacute; m&amp;egrave;o l&amp;agrave; một ch&amp;uacute; chuột nhắt đang mơ ngủ.&lt;/p&gt;

&lt;p&gt;Nhưng nằm tr&amp;ecirc;n người ch&amp;uacute; chuột nhắt lại l&amp;agrave; một ch&amp;uacute; bọ ch&amp;eacute;t đang thao thức.&lt;/p&gt;

&lt;p&gt;&lt;b&gt;CHỜ Đ&amp;Atilde;!&lt;/b&gt;&lt;/p&gt;

&lt;p&gt;C&amp;oacute; một bất ngờ trong cuốn s&amp;aacute;ch đang chờ được tiếp tục kh&amp;aacute;m ph&amp;aacute;. Chuyện g&amp;igrave; sắp xảy ra trong ng&amp;ocirc;i nh&amp;agrave; say ngủ ấy. Mời c&amp;aacute;c em c&amp;ugrave;ng đ&amp;oacute;n đọc những t&amp;igrave;nh tiết v&amp;ocirc; c&amp;ugrave;ng th&amp;uacute; vị trong cuốn truyện c&amp;ugrave;ng t&amp;ecirc;n c&amp;oacute; tựa đề&amp;nbsp;&lt;b&gt;&lt;i&gt;&amp;ldquo;Ng&amp;ocirc;i nh&amp;agrave; say ngủ&amp;rdquo;.&lt;/i&gt;&lt;/b&gt;&lt;/p&gt;
', 55, 100, 20, 3, 6, 3, 1)
INSERT [dbo].[SANPHAM] ([MaSP], [TenSP], [TacGia], [KichThuoc], [TrongLuong], [NgayPhatHanh], [Gia], [HinhAnh], [MoTa], [LuotXem], [SLNhap], [SLBan], [MaTheLoai], [MaCTPH], [MaNhaXuatBan], [MaTTSP]) VALUES (124, N'Con Nghĩ Đi, Mẹ Không Biết!', N'Thu Hà', N'16 x 24 cm          ', N'264       ', CAST(N'2016-06-21' AS Date), CAST(81000 AS Decimal(18, 0)), N'connghidimekhongbiet.jpg', N'&lt;p&gt;&lt;b&gt;&lt;i&gt;&amp;ldquo;Con nghĩ đi, mẹ kh&amp;ocirc;ng biết&amp;rdquo;&lt;/i&gt;&lt;/b&gt;&amp;nbsp;l&amp;agrave; tập hợp những b&amp;agrave;i viết được đ&amp;oacute;n nhận nhiệt th&amp;agrave;nh tr&amp;ecirc;n Facebook của Thu H&amp;agrave; (Mẹ Xu-Sim), rất nhiều b&amp;agrave;i viết trong số đ&amp;oacute; đ&amp;atilde; từng được đăng tr&amp;ecirc;n c&amp;aacute;c b&amp;aacute;o Tuổi trẻ, Thanh Ni&amp;ecirc;n, Vnexpress, D&amp;acirc;n tr&amp;iacute;, Vietnamnet... Nhưng kh&amp;aacute;c với những d&amp;ograve;ng chia sẻ tr&amp;ecirc;n mạng x&amp;atilde; hội, nội dung c&amp;aacute;c b&amp;agrave;i được chọn lọc hơn, c&amp;oacute; chủ đ&amp;iacute;ch hơn với giải ph&amp;aacute;p để con tự lập v&amp;agrave; mẹ tự do. Những b&amp;agrave;i viết của Thu H&amp;agrave; sinh động, thiết thực v&amp;igrave; đ&amp;oacute; l&amp;agrave; những trải nghiệm thật, ho&amp;agrave;n to&amp;agrave;n l&amp;agrave; sự thật của một b&amp;agrave; mẹ c&amp;oacute; hai con đang trong tuổi ăn, tuổi học, của một người l&amp;agrave;m việc với trẻ em li&amp;ecirc;n tục suốt 20 năm, trong đ&amp;oacute; c&amp;oacute; 3 năm dạy học v&amp;agrave; 17 năm l&amp;agrave;m b&amp;aacute;o tuổi teen.&amp;nbsp;&lt;/p&gt;

&lt;p&gt;H&amp;agrave;nh tr&amp;igrave;nh lớn l&amp;ecirc;n c&amp;ugrave;ng con của b&amp;agrave; mẹ n&amp;agrave;y c&amp;oacute; thể chạm tới tr&amp;aacute;i tim của c&amp;aacute;c &amp;ocirc;ng bố b&amp;agrave; mẹ kh&amp;aacute;c c&amp;oacute; lẽ l&amp;agrave; bởi sự ch&amp;acirc;n th&amp;agrave;nh v&amp;agrave; những chi&amp;ecirc;m nghiệm thật như được r&amp;uacute;t ra từ tim của người mẹ. Nhiều người y&amp;ecirc;u mến chị bởi những triết l&amp;yacute; gi&amp;aacute;o dục h&amp;agrave;n l&amp;acirc;m được viết bằng lối kể chuyện giản dị, thực tế v&amp;agrave; sống động. Đối tượng độc giả ch&amp;iacute;nh của cuốn s&amp;aacute;ch l&amp;agrave; c&amp;aacute;c &amp;ocirc;ng bố - b&amp;agrave; mẹ, nhưng c&amp;aacute;c bạn trẻ vẫn c&amp;oacute; thể đọc s&amp;aacute;ch để hiểu hơn về phụ huynh m&amp;igrave;nh, cũng l&amp;agrave; một m&amp;oacute;n qu&amp;agrave; &amp;yacute; nhị khi muốn &amp;ldquo;nhắc kh&amp;eacute;o&amp;rdquo; bố mẹ rằng: &amp;ldquo;con muốn tự lập&amp;rdquo;.&amp;nbsp;&lt;/p&gt;
', 102, 150, 140, 5, 6, 3, 1)
INSERT [dbo].[SANPHAM] ([MaSP], [TenSP], [TacGia], [KichThuoc], [TrongLuong], [NgayPhatHanh], [Gia], [HinhAnh], [MoTa], [LuotXem], [SLNhap], [SLBan], [MaTheLoai], [MaCTPH], [MaNhaXuatBan], [MaTTSP]) VALUES (125, N'Cốt Cách Phụ Nữ', N'Trịnh Huyền Trang', N'20 x 24 cm          ', N'242       ', CAST(N'2016-03-24' AS Date), CAST(101000 AS Decimal(18, 0)), N'cotcachphunu.jpg', N'&lt;p&gt;Phụ nữ l&amp;agrave; phải mạnh mẽ? Phụ nữ c&amp;oacute; quyền yếu đuối?&amp;nbsp;&lt;b&gt;&lt;i&gt;&amp;ldquo;Cốt c&amp;aacute;ch phụ nữ&amp;rdquo;&lt;/i&gt;&lt;/b&gt;&amp;nbsp;sẽ cho bạn biết: Phụ nữ l&amp;agrave; cần ki&amp;ecirc;u h&amp;atilde;nh. Buồn rồi h&amp;atilde;y vui, tổn thương rồi sẽ l&amp;agrave;nh, thời gian n&amp;agrave;o cũng tr&amp;ocirc;i th&amp;ocirc;i. T&amp;igrave;nh y&amp;ecirc;u th&amp;igrave; vẫn lu&amp;ocirc;n l&amp;agrave; một điều đặc biệt của sự sống n&amp;agrave;y. D&amp;ugrave; hợp - tan gần - xa giữ - thả&amp;hellip;&lt;/p&gt;

&lt;p&gt;Phụ nữ c&amp;oacute; cốt c&amp;aacute;ch l&amp;agrave; lu&amp;ocirc;n như hoa tr&amp;ecirc;n đỉnh n&amp;uacute;i, d&amp;ugrave; c&amp;oacute; nắng gắt gi&amp;aacute; sương, d&amp;ugrave; c&amp;oacute; l&amp;uacute;c c&amp;ocirc; đơn nơi v&amp;aacute;ch đ&amp;aacute;, d&amp;ugrave; mọc l&amp;ecirc;n giữa gian kh&amp;oacute; như cằn sỏi, d&amp;ugrave; những khi chỉ một m&amp;igrave;nh ngắm trăng treo. Cũng lu&amp;ocirc;n nhớ m&amp;igrave;nh l&amp;agrave; phụ nữ: Đẹp như tr&amp;ecirc;n n&amp;uacute;i - ki&amp;ecirc;u h&amp;atilde;nh nở một đ&amp;oacute;a hoa.&lt;/p&gt;

&lt;p&gt;Hơn cả một quyển s&amp;aacute;ch, c&amp;ograve;n l&amp;agrave; rất nhiều x&amp;uacute;c cảm.&lt;/p&gt;

&lt;p&gt;Của t&amp;igrave;nh y&amp;ecirc;u.&amp;nbsp;&lt;/p&gt;
', 50, 200, 49, 5, 1, 7, 1)
INSERT [dbo].[SANPHAM] ([MaSP], [TenSP], [TacGia], [KichThuoc], [TrongLuong], [NgayPhatHanh], [Gia], [HinhAnh], [MoTa], [LuotXem], [SLNhap], [SLBan], [MaTheLoai], [MaCTPH], [MaNhaXuatBan], [MaTTSP]) VALUES (126, N'Cứ Đi - Để Lối Thành Đường', N'Phoenix Ho', N'16 x 24 cm          ', N'270       ', CAST(N'2016-05-20' AS Date), CAST(69000 AS Decimal(18, 0)), N'cudideloithanhduong.jpg', N'&lt;p&gt;&lt;b&gt;&lt;i&gt;Cứ đi - để lối th&amp;agrave;nh đường&lt;/i&gt;&lt;/b&gt;&amp;nbsp;l&amp;agrave; những thao thức, những trải nghiệm sống động, những chia sẻ ch&amp;acirc;n t&amp;igrave;nh, t&amp;acirc;m huyết của một người chọn nghề tư vấn hướng nghiệp l&amp;agrave;m t&amp;igrave;nh y&amp;ecirc;u v&amp;agrave; lẽ sống của m&amp;igrave;nh. Điều quan trọng nhất kh&amp;ocirc;ng phải l&amp;agrave; cố gắng kh&amp;ocirc;ng thay đổi m&amp;agrave; ch&amp;iacute;nh l&amp;agrave; t&amp;igrave;m ra điểm bất biến trong thế giới mau thay đổi n&amp;agrave;y: đ&amp;oacute; l&amp;agrave; hiểu r&amp;otilde; bản th&amp;acirc;n.&lt;/p&gt;

&lt;p&gt;D&amp;ugrave; ở bất cứ thời điểm n&amp;agrave;o, chỉ cần một người hiểu r&amp;otilde; điểm mạnh của m&amp;igrave;nh, biết được điều g&amp;igrave; quan trọng nhất với bản th&amp;acirc;n, hiểu r&amp;otilde; những ảnh hưởng t&amp;iacute;ch cực quanh m&amp;igrave;nh, t&amp;igrave;m hiểu kỹ đặc điểm của thị trường lao động rồi l&amp;ecirc;n kế hoạch ph&amp;aacute;t triển cho nghề nghiệp ph&amp;ugrave; hợp với m&amp;igrave;nh nhất l&amp;agrave; được. V&amp;agrave; khi đ&amp;atilde; ra quyết định, th&amp;igrave; phải sẵn s&amp;agrave;ng chịu tr&amp;aacute;ch nhiệm với tất cả kết quả, kể cả thất bại. Để rồi nh&amp;igrave;n nhận lại bản th&amp;acirc;n, một lần nữa bắt đầu quy tr&amp;igrave;nh hướng nghiệp mới v&amp;igrave; qu&amp;aacute; tr&amp;igrave;nh thật sự quan trọng m&amp;agrave; bạn cần l&amp;agrave;m. Kết quả cuối c&amp;ugrave;ng của quyết định nghề nghiệp tốt ch&amp;iacute;nh l&amp;agrave; sự b&amp;igrave;nh an trong t&amp;acirc;m hồn.&lt;/p&gt;

&lt;p&gt;Việc x&amp;atilde; hội ng&amp;agrave;y c&amp;agrave;ng khắt khe với mọi c&amp;ocirc;ng việc, ng&amp;agrave;nh nghề đ&amp;atilde; trở th&amp;agrave;nh vấn đề nan giải m&amp;agrave; hầu hết c&amp;aacute;c bạn trẻ đang v&amp;ocirc; c&amp;ugrave;ng băn khoăn v&amp;agrave; lo lắng. Ch&amp;iacute;nh v&amp;igrave; điều đ&amp;oacute;, c&amp;aacute;c bạn mơ hồ trong định hướng tương lai cũng như chọn cho m&amp;igrave;nh một ng&amp;agrave;nh học ph&amp;ugrave; hợp.&lt;/p&gt;

&lt;p&gt;Nhưng c&amp;aacute;c bạn trẻ th&amp;acirc;n mến, ch&amp;uacute;ng ta kh&amp;ocirc;ng n&amp;ecirc;n qu&amp;aacute; lo lắng trong định hướng nghề nghiệp, bởi lẽ cuộc sống lu&amp;ocirc;n cho bạn cơ hội để lựa chọn v&amp;agrave; thể hiện năng lực&amp;nbsp;của m&amp;igrave;nh. Qua cuốn s&amp;aacute;ch&amp;nbsp;&lt;b&gt;&lt;i&gt;Cứ đi - để lối th&amp;agrave;nh đường,&lt;/i&gt;&lt;/b&gt;&amp;nbsp;bạn sẽ học hỏi được rất nhiều điều về con đường huớng nghiệp, cũng như những c&amp;acirc;u chuyện rất thực tế v&amp;agrave; đời thường m&amp;agrave; ch&amp;iacute;nh Phoenix Ho đ&amp;atilde; trải qua. Từ đ&amp;oacute;, ch&amp;uacute;ng ta c&amp;oacute; thể cảm nhận được những kh&amp;oacute; khăn, trắc trở hay niềm vui v&amp;agrave; hạnh ph&amp;uacute;c m&amp;agrave; chị đ&amp;atilde; trải nghiệm. Đ&amp;oacute; cũng ch&amp;iacute;nh l&amp;agrave; con đường sẽ dẫn bạn đi đ&amp;uacute;ng hướng đến những chặng tiếp theo m&amp;agrave; bạn chuẩn bị bước tới.&lt;/p&gt;
', 120, 200, 95, 8, 1, 7, 1)
INSERT [dbo].[SANPHAM] ([MaSP], [TenSP], [TacGia], [KichThuoc], [TrongLuong], [NgayPhatHanh], [Gia], [HinhAnh], [MoTa], [LuotXem], [SLNhap], [SLBan], [MaTheLoai], [MaCTPH], [MaNhaXuatBan], [MaTTSP]) VALUES (127, N'Để Con Được Ốm', N'Uyên Bùi , BS. Nguyễn Trí Đoàn', N'14.5 x 20.5 cm      ', N'123       ', CAST(N'2016-06-21' AS Date), CAST(43000 AS Decimal(18, 0)), N'deconduocom.jpg', N'&lt;p&gt;&lt;b&gt;&lt;i&gt;Để con được ốm&lt;/i&gt;&lt;/b&gt;&amp;nbsp;c&amp;oacute; thể coi l&amp;agrave; một cuốn nhật k&amp;yacute; học l&amp;agrave;m mẹ th&amp;ocirc;ng qua những c&amp;acirc;u chuyện từ trải nghiệm thực tế m&amp;agrave; chị Uy&amp;ecirc;n B&amp;ugrave;i đ&amp;atilde; trải qua từ khi mang thai đến khi em b&amp;eacute; ch&amp;agrave;o đời v&amp;agrave; trở th&amp;agrave;nh một c&amp;ocirc; b&amp;eacute; khỏe mạnh, vui vẻ. C&amp;ugrave;ng với những c&amp;acirc;u chuyện nhỏ th&amp;uacute; vị của người mẹ l&amp;agrave; lời khuy&amp;ecirc;n mang t&amp;iacute;nh chuy&amp;ecirc;n m&amp;ocirc;n, giải đ&amp;aacute;p cụ thể từ b&amp;aacute;c sỹ Nguyễn Tr&amp;iacute; Đo&amp;agrave;n, gi&amp;uacute;p h&amp;oacute;a giải những hiểu lầm từ kinh nghiệm d&amp;acirc;n gian được truyền lại, cũng như l&amp;yacute; giải một c&amp;aacute;ch khoa học những th&amp;ocirc;ng tin chưa đ&amp;uacute;ng đắn đang được lưu truyền hiện nay, mang đến g&amp;oacute;c nh&amp;igrave;n đ&amp;uacute;ng đắn nhất cho mỗi hiện tượng, sự việc với những kiến thức y khoa hiện đại được cập nhật li&amp;ecirc;n tục. Cuốn s&amp;aacute;ch sẽ gi&amp;uacute;p c&amp;aacute;c bậc phụ huynh trang bị một số kiến thức cơ bản trong việc chăm s&amp;oacute;c trẻ một c&amp;aacute;ch khoa học v&amp;agrave; g&amp;oacute;p phần gi&amp;uacute;p c&amp;aacute;c mẹ v&amp;agrave; những-người-sẽ-l&amp;agrave;-mẹ trở n&amp;ecirc;n tự tin hơn trong việc chăm con, xua tan đi những lo lắng, để mỗi em b&amp;eacute; ra đời đều được hưởng sự chăm s&amp;oacute;c tốt nhất.&amp;nbsp;&lt;/p&gt;
', 121, 250, 100, 7, 1, 7, 1)
INSERT [dbo].[SANPHAM] ([MaSP], [TenSP], [TacGia], [KichThuoc], [TrongLuong], [NgayPhatHanh], [Gia], [HinhAnh], [MoTa], [LuotXem], [SLNhap], [SLBan], [MaTheLoai], [MaCTPH], [MaNhaXuatBan], [MaTTSP]) VALUES (128, N'Có Một Người Giờ Đã Chẳng Còn Thương', N'Lai Ka', N'20 x 24 cm          ', N'374       ', CAST(N'2016-06-21' AS Date), CAST(63000 AS Decimal(18, 0)), N'comotnguoichangconthuong.jpg', N'&lt;p&gt;&lt;b&gt;&lt;i&gt;C&amp;oacute; một người giờ đ&amp;atilde; chẳng c&amp;ograve;n thương&lt;/i&gt;&lt;/b&gt;&amp;nbsp;l&amp;agrave; tập thơ t&amp;igrave;nh nhẹ nh&amp;agrave;ng của một c&amp;ocirc; g&amp;aacute;i, kể về một mối t&amp;igrave;nh đ&amp;atilde; kh&amp;ocirc;ng c&amp;ograve;n nữa, nhưng mong chờ giờ h&amp;oacute;a th&amp;agrave;nh v&amp;ocirc; nghĩa, v&amp;agrave; c&amp;oacute; những điều d&amp;ugrave; giữ g&amp;igrave;n biết mấy cũng chẳng thắng được thời gian, được sự trưởng th&amp;agrave;nh của mỗi người, được duy&amp;ecirc;n nợ.&lt;/p&gt;
', 123, 300, 122, 5, 1, 7, 1)
INSERT [dbo].[SANPHAM] ([MaSP], [TenSP], [TacGia], [KichThuoc], [TrongLuong], [NgayPhatHanh], [Gia], [HinhAnh], [MoTa], [LuotXem], [SLNhap], [SLBan], [MaTheLoai], [MaCTPH], [MaNhaXuatBan], [MaTTSP]) VALUES (129, N'Quốc Gia Khởi Nghiệp', N'Saul Singer , Dan Senor', N'14.5 x 20.5 cm      ', N'374       ', CAST(N'2016-03-24' AS Date), CAST(60000 AS Decimal(18, 0)), N'quocgiakhoinghiep.jpg', N'&lt;p&gt;&lt;font face="arial,helvetica,sans-serif" size="2"&gt;&lt;em&gt;&lt;strong&gt;&amp;quot;Quốc gia khởi nghiệp&amp;quot;&lt;/strong&gt;&lt;/em&gt;&amp;nbsp;l&amp;agrave; c&amp;acirc;u chuyện viết về sự ph&amp;aacute;t triển thần kỳ của nền kinh tế Israel từ l&amp;uacute;c lập quốc cho đến khi trở th&amp;agrave;nh quốc gia c&amp;oacute; nền c&amp;ocirc;ng nghệ h&amp;agrave;ng đầu thế giới. Quyển s&amp;aacute;ch n&amp;agrave;y c&amp;oacute; thể trả lời cho những thắc mắc l&amp;agrave;m thế n&amp;agrave;o một đất nước nhỏ b&amp;eacute; lại c&amp;oacute; thể tồn tại giữa sự th&amp;ugrave; địch của c&amp;aacute;c quốc gia l&amp;acirc;n cận, đối ph&amp;oacute; với những cuộc chiến giữ vững bờ c&amp;otilde;i m&amp;agrave; vẫn tạo ra sự s&amp;aacute;ng tạo vượt bậc trong c&amp;aacute;c lĩnh vực c&amp;ocirc;ng nghệ, qu&amp;acirc;n sự v&amp;agrave; d&amp;acirc;n sự.&lt;/font&gt;&lt;/p&gt;

&lt;p&gt;&lt;font face="arial,helvetica,sans-serif" size="2"&gt;Với ng&amp;ograve;i b&amp;uacute;t sắc sảo, phong ph&amp;uacute; v&amp;agrave; tập trung những lời nhận x&amp;eacute;t thực tế từ những doanh nh&amp;acirc;n th&amp;agrave;nh c&amp;ocirc;ng h&amp;agrave;ng đầu, &amp;quot;Quốc gia khởi nghiệp&amp;quot; đ&amp;atilde; đem đến những c&amp;aacute;i nh&amp;igrave;n mới mẻ về con người v&amp;agrave; đất nước Israel, l&amp;agrave;m s&amp;aacute;ng tỏ phần n&amp;agrave;o những th&amp;agrave;nh c&amp;ocirc;ng tưởng chừng như kh&amp;ocirc;ng tưởng của đất nước nhỏ b&amp;eacute; n&amp;agrave;y. C&amp;aacute; t&amp;iacute;nh quyết liệt, d&amp;aacute;m th&amp;aacute;ch thức v&amp;agrave; s&amp;aacute;ng tạo kh&amp;ocirc;ng ngừng của những con người Do Th&amp;aacute;i lưu vong, chạy trốn v&amp;agrave; sống s&amp;oacute;t sau những cuộc thảm s&amp;aacute;t trong Chiến tranh thế giới thứ II, kh&amp;ocirc;ng cam chịu cuộc sống ngh&amp;egrave;o kh&amp;oacute;, họ đ&amp;atilde; c&amp;ugrave;ng với những người theo Chủ nghĩa Phục quốc Do Th&amp;aacute;i g&amp;acirc;y dựng v&amp;agrave; bảo vệ đất nước Israel bằng ch&amp;iacute;nh sức lực của m&amp;igrave;nh v&amp;agrave; khiến cả thế giới phải kinh ngạc.&lt;/font&gt;&lt;/p&gt;
', 300, 500, 200, 6, 1, 7, 1)
INSERT [dbo].[SANPHAM] ([MaSP], [TenSP], [TacGia], [KichThuoc], [TrongLuong], [NgayPhatHanh], [Gia], [HinhAnh], [MoTa], [LuotXem], [SLNhap], [SLBan], [MaTheLoai], [MaCTPH], [MaNhaXuatBan], [MaTTSP]) VALUES (130, N'Bí Mật Của Hạnh Phúc', N'Lương Cần Liêm', N'17 x 24 cm          ', N'270       ', CAST(N'2014-07-17' AS Date), CAST(42000 AS Decimal(18, 0)), N'bimatcuahanhphuc.jpg', N'&lt;p&gt;&lt;b&gt;L&amp;Agrave;M SAO ĐỂ SỐNG HẠNH PH&amp;Uacute;C?&lt;/b&gt;&lt;/p&gt;

&lt;p&gt;Trước tuổi trưởng th&amp;agrave;nh, người trẻ n&amp;agrave;o cũng đi qua một giai đoạn kh&amp;oacute; khăn, thậm ch&amp;iacute; l&amp;agrave; khủng hoảng li&amp;ecirc;n quan đến t&amp;igrave;nh y&amp;ecirc;u, giới t&amp;iacute;nh, thậm ch&amp;iacute; cả t&amp;igrave;nh dục. Nhu cầu cần được giải đ&amp;aacute;p, giải th&amp;iacute;ch về t&amp;igrave;nh y&amp;ecirc;u, giới t&amp;iacute;nh, t&amp;igrave;nh dục một c&amp;aacute;ch khoa học của người trẻ l&amp;agrave; ch&amp;iacute;nh đ&amp;aacute;ng v&amp;agrave; cần thiết. Những giải th&amp;iacute;ch thiếu khoa học hoặc chỉ mang t&amp;iacute;nh chất c&amp;acirc;u kh&amp;aacute;ch rẻ tiền trong một x&amp;atilde; hội tr&amp;agrave;n ngập th&amp;ocirc;ng tin, cộng th&amp;ecirc;m việc kh&amp;ocirc;ng hiểu t&amp;acirc;m sinh l&amp;yacute; của con em từ ch&amp;iacute;nh c&amp;aacute;c phụ huynh, nhiều khi đẩy người trẻ đến những bị kịch thương t&amp;acirc;m.&amp;nbsp;&lt;/p&gt;

&lt;p&gt;Tiến sĩ t&amp;acirc;m l&amp;yacute;, b&amp;aacute;c sĩ t&amp;acirc;m thần học Lương Cần Li&amp;ecirc;m l&amp;agrave; giảng vi&amp;ecirc;n của Đại học Y Paris (Ph&amp;aacute;p). &amp;Ocirc;ng l&amp;agrave; Chủ tịch Hội khoa học t&amp;acirc;m l&amp;yacute; t&amp;acirc;m thần Ph&amp;aacute;p - Việt, l&amp;agrave; t&amp;aacute;c giả của h&amp;agrave;ng chục đầu s&amp;aacute;ch về t&amp;acirc;m l&amp;yacute;, t&amp;acirc;m thần v&amp;agrave; đạo Phật được ph&amp;aacute;t h&amp;agrave;nh rộng r&amp;atilde;i ở Ph&amp;aacute;p v&amp;agrave; ch&amp;acirc;u &amp;Acirc;u. Hằng năm, &amp;ocirc;ng đều trở về Việt Nam để chủ tr&amp;igrave; c&amp;aacute;c hội thảo quốc tế.&lt;/p&gt;
', 123, 150, 123, 2, 1, 7, 1)
INSERT [dbo].[SANPHAM] ([MaSP], [TenSP], [TacGia], [KichThuoc], [TrongLuong], [NgayPhatHanh], [Gia], [HinhAnh], [MoTa], [LuotXem], [SLNhap], [SLBan], [MaTheLoai], [MaCTPH], [MaNhaXuatBan], [MaTTSP]) VALUES (131, N'Chuyện Nhỏ Sài Gòn', N'Đàm Hà Phú', N'14.5 x 20.5 cm      ', N'342       ', CAST(N'2016-05-20' AS Date), CAST(123000 AS Decimal(18, 0)), N'chuyennhoSG.jpg', N'&lt;p&gt;Ở S&amp;agrave;i G&amp;ograve;n c&amp;oacute; một thứ kh&amp;ocirc;ng kh&amp;iacute; kh&amp;aacute;c, kh&amp;ocirc;ng giống bất cứ nơi đ&amp;acirc;u, c&amp;oacute; lẽ được qu&amp;aacute;nh đặc bởi bụi, kh&amp;oacute;i, bởi m&amp;ugrave;i mồ h&amp;ocirc;i, m&amp;ugrave;i đồ ăn, bởi tiếng xe, tiếng người bởi mu&amp;ocirc;n ng&amp;agrave;n thanh &amp;acirc;m, m&amp;agrave;u sắc&amp;hellip; m&amp;agrave; một khi đ&amp;atilde; quen h&amp;iacute;t thở với n&amp;oacute;, bạn sẽ kh&amp;ocirc;ng bao giờ qu&amp;ecirc;n được, nếu kh&amp;ocirc;ng n&amp;oacute;i l&amp;agrave; kh&amp;oacute; m&amp;agrave; rời xa được.&lt;/p&gt;

&lt;p&gt;Ở S&amp;agrave;i G&amp;ograve;n, đất dung nạp v&amp;agrave;o n&amp;oacute; đủ mọi hạng người, từ anh tr&amp;iacute; thức h&amp;agrave;n l&amp;acirc;m đến chị b&amp;aacute;n tr&amp;ocirc;n nu&amp;ocirc;i miệng đều cảm thấy đất n&amp;agrave;y dễ sống hơn chỗ kh&amp;aacute;c, từ giới nghệ sĩ c&amp;oacute; t&amp;agrave;i v&amp;agrave; bất t&amp;agrave;i đến mấy b&amp;agrave; bu&amp;ocirc;n th&amp;uacute;ng b&amp;aacute;n bưng đều nu&amp;ocirc;i mộng lập nghiệp nơi mảnh đất lắm người nhiều xe n&amp;agrave;y. Tất cả đều c&amp;oacute; thể nhận m&amp;igrave;nh l&amp;agrave; người S&amp;agrave;i G&amp;ograve;n, hoặc kh&amp;ocirc;ng nhận cũng kh&amp;ocirc;ng sao, S&amp;agrave;i G&amp;ograve;n kh&amp;ocirc;ng so đo xuất xứ của bạn, cơ hội v&amp;agrave; rủi ro chia đều cho mỗi người.&lt;/p&gt;
', 121, 200, 123, 5, 7, 8, 1)
INSERT [dbo].[SANPHAM] ([MaSP], [TenSP], [TacGia], [KichThuoc], [TrongLuong], [NgayPhatHanh], [Gia], [HinhAnh], [MoTa], [LuotXem], [SLNhap], [SLBan], [MaTheLoai], [MaCTPH], [MaNhaXuatBan], [MaTTSP]) VALUES (132, N' Đảo', N'Nguyễn Ngọc Tư', N'16 x 24 cm          ', N'140       ', CAST(N'2016-06-15' AS Date), CAST(35000 AS Decimal(18, 0)), N'dao.jpg', N'&lt;p&gt;15 truyện ngắn mới nhất của Nguyễn Ngọc Tư (Biến mất ở Thư Vi&amp;ecirc;n, Đảo, lưu lạc, Tro t&amp;agrave;n rực rỡ&amp;hellip;). Nội dung xoay quanh chuyện mất m&amp;aacute;t, tổn thương v&amp;agrave; những cuộc t&amp;igrave;m kiếm niềm vui đơn giản trong cuộc sống: y&amp;ecirc;u thương, th&amp;otilde;a m&amp;atilde;n những mong ước v&amp;agrave; nhu cầu được tỏa s&amp;aacute;ng.&amp;nbsp;&lt;/p&gt;

&lt;p&gt;Truyện c&amp;oacute; tranh minh họa của Trần Ngọc Sinh.&lt;b&gt;&amp;nbsp;&lt;/b&gt;&lt;/p&gt;

&lt;p&gt;&lt;i&gt;&amp;quot;16 truyện ngắn, kh&amp;ocirc;ng thể ngắn hơn. C&amp;oacute; thể n&amp;oacute;i đ&amp;oacute; l&amp;agrave; những b&amp;agrave;i thơ viết bằng văn xu&amp;ocirc;i về số phận của những con người tranh đấu trong tuyệt vọng để được nh&amp;igrave;n thấy.&amp;nbsp;&lt;/i&gt;&lt;/p&gt;

&lt;p&gt;&lt;i&gt;Những truyện ngắn cho thấy dường như Nguyễn Ngọc Tư đang ra khỏi hiện thực của những c&amp;aacute;nh đồng để t&amp;igrave;m đến v&amp;ugrave;ng hỗn mang t&amp;acirc;m tr&amp;iacute; con người.&amp;quot;&amp;nbsp;&lt;/i&gt;&lt;/p&gt;
', 32, 123, 12, 5, 7, 8, 1)
INSERT [dbo].[SANPHAM] ([MaSP], [TenSP], [TacGia], [KichThuoc], [TrongLuong], [NgayPhatHanh], [Gia], [HinhAnh], [MoTa], [LuotXem], [SLNhap], [SLBan], [MaTheLoai], [MaCTPH], [MaNhaXuatBan], [MaTTSP]) VALUES (133, N'Ăn Dặm Kiểu Nhật', N'Niihara Keiko , Tsutsumi Chiharu', N'20 x 24 cm          ', N'374       ', CAST(N'2016-05-15' AS Date), CAST(80000 AS Decimal(18, 0)), N'andamkieunhat.jpg', N'&lt;p&gt;Bạn đ&amp;atilde; l&amp;agrave;m cha mẹ. V&amp;agrave; bạn c&amp;oacute; l&amp;uacute;ng t&amp;uacute;ng với bước đầu cho b&amp;eacute; y&amp;ecirc;u ăn dặm?&lt;/p&gt;

&lt;p&gt;&lt;font face="arial,helvetica,sans-serif" size="2"&gt;Giai đoạn ăn dặm c&amp;oacute; vai tr&amp;ograve; l&amp;agrave; giai đoạn chuẩn bị để trẻ chuyển từ b&amp;uacute; mẹ, uống sữa ngo&amp;agrave;i sang &amp;quot;nhai n&amp;aacute;t v&amp;agrave; nuốt&amp;quot;. Điều quan trọng của giai đoạn n&amp;agrave;y kh&amp;ocirc;ng chỉ l&amp;agrave; cho trẻ ăn v&amp;agrave; theo d&amp;otilde;i đảm bảo sự ph&amp;aacute;t triển của trẻ m&amp;agrave; c&amp;ograve;n phải theo d&amp;otilde;i chức năng ăn v&amp;agrave; l&amp;ocirc;i k&amp;eacute;o hợp l&amp;yacute; sự ham th&amp;iacute;ch ăn của trẻ, l&amp;agrave;m cho trẻ tự lập. Để l&amp;agrave;m được những việc đ&amp;oacute;, thống nhất quan điểm l&amp;agrave; rất quan trọng, phải thống nhất về việc lựa chọn thực phẩm, lượng ăn, c&amp;aacute;ch ăn, những người lớn xung quanh gi&amp;uacute;p đỡ như thế n&amp;agrave;o. Tuy nhi&amp;ecirc;n việc ăn dặm l&amp;agrave; việc h&amp;agrave;ng ng&amp;agrave;y. Bạn c&amp;oacute; đang băn khoăn trăn trở n&amp;ecirc;n cho trẻ ăn g&amp;igrave;, ăn bao nhi&amp;ecirc;u, ăn như thế n&amp;agrave;o kh&amp;ocirc;ng. Trong giai đoạn lần đầu ti&amp;ecirc;n b&amp;eacute; tiếp x&amp;uacute;c với thức ăn, nếu mọi người xung quanh b&amp;eacute; qu&amp;aacute; nhạy cảm, lo lắng về bữa ăn dặm của trẻ, lo lắng đ&amp;oacute; sẽ truyền sang b&amp;eacute; v&amp;agrave; thường l&amp;agrave;m mất đi kh&amp;ocirc;ng kh&amp;iacute; của bữa ăn vốn dĩ l&amp;agrave; vui vẻ.&lt;/font&gt;&lt;/p&gt;
', 21, 123, 12, 8, 7, 8, 1)
INSERT [dbo].[SANPHAM] ([MaSP], [TenSP], [TacGia], [KichThuoc], [TrongLuong], [NgayPhatHanh], [Gia], [HinhAnh], [MoTa], [LuotXem], [SLNhap], [SLBan], [MaTheLoai], [MaCTPH], [MaNhaXuatBan], [MaTTSP]) VALUES (134, N'Là Đánh Mất Hay Chưa Từng Có', N'Gari', N'13 x 20.5 cm        ', N'300       ', CAST(N'2016-06-15' AS Date), CAST(130000 AS Decimal(18, 0)), N'ladanhmat.jpg', N'&lt;p&gt;Bỏ v&amp;agrave;o ba l&amp;ocirc; tr&amp;ecirc;n những chuyến đi m&amp;ugrave;a h&amp;egrave;, bạn nh&amp;eacute;!&amp;nbsp;&lt;/p&gt;

&lt;p&gt;&amp;lt;3 Viết cho những mối t&amp;igrave;nh dang dở, cho đi rất nhiều nhận lại chẳng bao nhi&amp;ecirc;u&lt;/p&gt;

&lt;p&gt;&amp;lt;3 Viết cho những th&amp;aacute;ng ng&amp;agrave;y tuổi trẻ em đ&amp;atilde; y&amp;ecirc;u kh&amp;ocirc;ng toan t&amp;iacute;nh kh&amp;ocirc;ng hờn giận. V&amp;agrave; h&amp;ocirc;m nay em mạnh mẽ bu&amp;ocirc;ng bỏ, ki&amp;ecirc;u h&amp;atilde;nh đứng dậy v&amp;agrave; bước tiếp&amp;nbsp;&lt;/p&gt;

&lt;p&gt;Viết cho c&amp;ocirc; g&amp;aacute;i cũng như em, c&amp;ocirc; đơn trong ch&amp;iacute;nh t&amp;igrave;nh y&amp;ecirc;u của m&amp;igrave;nh, c&amp;ocirc; đơn cả những ng&amp;agrave;y đ&amp;atilde; rời xa anh.&lt;/p&gt;

&lt;p&gt;Nhưng thanh xu&amp;acirc;n c&amp;oacute; bao nhi&amp;ecirc;u để em cứ &amp;ocirc;m m&amp;atilde;i một mối t&amp;igrave;nh đơn độc v&amp;agrave; chẳng c&amp;oacute; hồi hết.&lt;/p&gt;

&lt;p&gt;Phải kh&amp;ocirc;ng anh?&lt;/p&gt;
', 123, 300, 121, 2, 7, 8, 1)
INSERT [dbo].[SANPHAM] ([MaSP], [TenSP], [TacGia], [KichThuoc], [TrongLuong], [NgayPhatHanh], [Gia], [HinhAnh], [MoTa], [LuotXem], [SLNhap], [SLBan], [MaTheLoai], [MaCTPH], [MaNhaXuatBan], [MaTTSP]) VALUES (135, N'Độc Thân Không Cô Đơn', N'Blogradio.vn', N'16 x 24 cm          ', N'285       ', CAST(N'2016-06-15' AS Date), CAST(62000 AS Decimal(18, 0)), N'docthankhongcodon.jpg', N'&lt;p&gt;&lt;i&gt;&lt;b&gt;&amp;ldquo;Khi một t&amp;igrave;nh y&amp;ecirc;u ra đi th&amp;igrave; sẽ c&amp;oacute; một t&amp;igrave;nh y&amp;ecirc;u kh&amp;aacute;c đến.&amp;rdquo;&amp;nbsp;&lt;/b&gt;&lt;/i&gt;&lt;/p&gt;

&lt;p&gt;C&amp;oacute; một người y&amp;ecirc;u thương, lu&amp;ocirc;n s&amp;aacute;t c&amp;aacute;nh b&amp;ecirc;n m&amp;igrave;nh đi qua những s&amp;oacute;ng gi&amp;oacute; cuộc đời l&amp;agrave; mong ước của bất cứ ai. Thế nhưng kh&amp;ocirc;ng phải ai cũng may mắn sớm t&amp;igrave;m được một nửa ph&amp;ugrave; hợp với m&amp;igrave;nh.&lt;/p&gt;

&lt;p&gt;Nhịp sống hiện đại khiến con người sống gấp g&amp;aacute;p hơn, bận rộn hơn, thật kh&amp;oacute; để c&amp;oacute; thể t&amp;igrave;m thấy một người h&amp;ograve;a hợp với m&amp;igrave;nh v&amp;agrave; b&amp;igrave;nh y&amp;ecirc;n b&amp;ecirc;n nhau. Độc th&amp;acirc;n từ l&amp;uacute;c n&amp;agrave;o v&amp;ocirc; t&amp;igrave;nh trở th&amp;agrave;nh một t&amp;igrave;nh trạng quen thuộc trong nhịp sống hiện đại hối hả n&amp;agrave;y.&lt;/p&gt;

&lt;p&gt;Độc th&amp;acirc;n l&amp;agrave; khi ta đ&amp;atilde; đầu hai, khi bạn b&amp;egrave; lần lượt c&amp;oacute; đ&amp;ocirc;i c&amp;oacute; cặp, ta vẫn một th&amp;acirc;n một m&amp;igrave;nh, lẻ b&amp;oacute;ng đi về.&lt;/p&gt;

&lt;p&gt;Độc th&amp;acirc;n l&amp;agrave; khi ta đ&amp;atilde; trải qua một v&amp;agrave;i mối quan hệ đổ vỡ, bỗng một ng&amp;agrave;y ta muốn dừng lại, d&amp;agrave;nh thời gian cho bản th&amp;acirc;n nhiều hơn một ch&amp;uacute;t, tận hưởng cuộc sống cho ri&amp;ecirc;ng m&amp;igrave;nh nhiều hơn một ch&amp;uacute;t.&lt;/p&gt;

&lt;p&gt;Độc th&amp;acirc;n l&amp;agrave; khi ta cũng đ&amp;atilde; từng c&amp;oacute; người bạn đời, từng c&amp;oacute; một hạnh ph&amp;uacute;c &amp;ecirc;m đềm, nhưng rồi s&amp;oacute;ng gi&amp;oacute; của cuộc đời đưa đẩy khiến một ng&amp;agrave;y ta lại trở về với cuộc sống độc th&amp;acirc;n.&lt;/p&gt;

&lt;p&gt;Nhưng bạn biết kh&amp;ocirc;ng, độc th&amp;acirc;n kh&amp;ocirc;ng c&amp;oacute; nghĩa l&amp;agrave; c&amp;ocirc; đơn. Hạnh ph&amp;uacute;c kh&amp;ocirc;ng c&amp;oacute; nghĩa l&amp;agrave; bạn phải c&amp;oacute; một ai đ&amp;oacute; ở b&amp;ecirc;n cạnh. Đừng để c&amp;ocirc; đơn l&amp;agrave;m chật tr&amp;aacute;i tim m&amp;igrave;nh trong khi những điều tốt đẹp vẫn c&amp;ograve;n ở ph&amp;iacute;a trước.&lt;/p&gt;
', 32, 123, 31, 5, 8, 10, 1)
INSERT [dbo].[SANPHAM] ([MaSP], [TenSP], [TacGia], [KichThuoc], [TrongLuong], [NgayPhatHanh], [Gia], [HinhAnh], [MoTa], [LuotXem], [SLNhap], [SLBan], [MaTheLoai], [MaCTPH], [MaNhaXuatBan], [MaTTSP]) VALUES (136, N'Nuôi Con Không Phải Là Cuộc Chiến', N'Hachun Lyonnet , Mẹ Ong Bông , Bubu Hương', N'13 x 20.5 cm        ', N'140       ', CAST(N'2016-03-24' AS Date), CAST(91000 AS Decimal(18, 0)), N'nuoicon.jpg', N'&lt;p&gt;Bạn đ&amp;atilde; được l&amp;agrave;m mẹ, được &amp;ocirc;m tr&amp;ecirc;n tay sinh linh b&amp;eacute; bỏng của m&amp;igrave;nh. Hẳn bạn đang rất băn khoăn v&amp;agrave; trăn trở với h&amp;agrave;ng ng&amp;agrave;n thắc mắc: l&amp;agrave;m thế n&amp;agrave;o để gi&amp;uacute;p b&amp;eacute; l&amp;agrave;m quen với gia đ&amp;igrave;nh, bắt nhịp với cuộc sống mới lạ b&amp;ecirc;n ngo&amp;agrave;i, l&amp;agrave;m thế n&amp;agrave;o để hiểu v&amp;agrave; đ&amp;aacute;p ứng đ&amp;uacute;ng những nhu cầu của em b&amp;eacute; sơ sinh chỉ mới biết d&amp;ugrave;ng tiếng kh&amp;oacute;c l&amp;agrave;m c&amp;ocirc;ng cụ duy nhất để giao tiếp đ&amp;acirc;y. Những c&amp;acirc;u hỏi cứ li&amp;ecirc;n tiếp nảy ra, bạn cuống cuồng t&amp;igrave;m sự trợ gi&amp;uacute;p v&amp;agrave; giải đ&amp;aacute;p từ nhiều nguồn kh&amp;aacute;c nhau, để rồi dễ d&amp;agrave;ng rơi v&amp;agrave;o một v&amp;ograve;ng xo&amp;aacute;y sai lầm v&amp;agrave; một cuộc chiến mệt mỏi trong sự nghiệp nu&amp;ocirc;i con nhỏ.&lt;/p&gt;

&lt;p&gt;Những ng&amp;agrave;y đầu ti&amp;ecirc;n bạn sẽ cố gắng cho b&amp;eacute; b&amp;uacute; li&amp;ecirc;n tục, nhằm k&amp;iacute;ch sữa, để con biết đ&amp;acirc;y l&amp;agrave; mẹ. Đ&amp;ocirc;i khi bạn sẽ đ&amp;aacute;nh thức con dậy để cho con b&amp;uacute; khi thấy b&amp;eacute; ngủ li b&amp;igrave; v&amp;igrave; bạn sợ l&amp;acirc;u qu&amp;aacute; con kh&amp;ocirc;ng b&amp;uacute; sẽ bị đ&amp;oacute;i. Bạn li&amp;ecirc;n tục tự hỏi: con b&amp;uacute; &amp;iacute;t thế c&amp;oacute; đ&amp;oacute;i kh&amp;ocirc;ng? M&amp;igrave;nh l&amp;agrave;m như thế c&amp;oacute; sao kh&amp;ocirc;ng? Con c&amp;oacute; ngủ được kh&amp;ocirc;ng? Con c&amp;oacute; n&amp;oacute;ng kh&amp;ocirc;ng? Con c&amp;oacute; lạnh kh&amp;ocirc;ng? V&amp;agrave; l&amp;agrave;m thế n&amp;agrave;o để con tăng c&amp;acirc;n nhanh nhất c&amp;oacute; thể. Con tăng c&amp;acirc;n thế c&amp;oacute; chậm so với anh, chị, em hay con nh&amp;agrave; h&amp;agrave;ng x&amp;oacute;m kh&amp;ocirc;ng?&lt;/p&gt;
', 100, 200, 99, 8, 8, 10, 1)
INSERT [dbo].[SANPHAM] ([MaSP], [TenSP], [TacGia], [KichThuoc], [TrongLuong], [NgayPhatHanh], [Gia], [HinhAnh], [MoTa], [LuotXem], [SLNhap], [SLBan], [MaTheLoai], [MaCTPH], [MaNhaXuatBan], [MaTTSP]) VALUES (137, N'Hoàng Tử Bé', N'Antoine de Saint-Exupéry', N'13 x 20.5 cm        ', N'342       ', CAST(N'2016-06-15' AS Date), CAST(90000 AS Decimal(18, 0)), N'hoangtube.jpg', N'&lt;p&gt;&lt;em&gt;&lt;strong&gt;Ho&amp;agrave;ng tử b&amp;eacute;&lt;/strong&gt;&lt;/em&gt;&amp;nbsp;được viết ở New York trong những ng&amp;agrave;y t&amp;aacute;c giả sống lưu vong v&amp;agrave; được xuất bản lần đầu ti&amp;ecirc;n tại New York v&amp;agrave;o năm 1943, rồi đến năm 1946 mới được xuất bản tại Ph&amp;aacute;p. Kh&amp;ocirc;ng nghi ngờ g&amp;igrave;, đ&amp;acirc;y l&amp;agrave; t&amp;aacute;c phẩm nổi tiếng nhất, được đọc nhiều nhất v&amp;agrave; cũng được y&amp;ecirc;u mến nhất của Saint-Exup&amp;eacute;ry. Cuốn s&amp;aacute;ch được b&amp;igrave;nh chọn l&amp;agrave; t&amp;aacute;c phẩm hay nhất thế kỉ 20 ở Ph&amp;aacute;p, đồng thời cũng l&amp;agrave; cuốn s&amp;aacute;ch Ph&amp;aacute;p được dịch v&amp;agrave; được đọc nhiều nhất tr&amp;ecirc;n thế giới. Với 250 ng&amp;ocirc;n ngữ dịch kh&amp;aacute;c nhau kể cả phương ngữ c&amp;ugrave;ng hơn 200 triệu bản in tr&amp;ecirc;n to&amp;agrave;n thế giới,&amp;nbsp;&lt;em&gt;&lt;strong&gt;Ho&amp;agrave;ng tử b&amp;eacute;&lt;/strong&gt;&lt;/em&gt;&amp;nbsp;được coi l&amp;agrave; một trong những t&amp;aacute;c phẩm b&amp;aacute;n chạy nhất của nh&amp;acirc;n loại.&lt;/p&gt;
', 123, 200, 102, 8, 8, 10, 1)
INSERT [dbo].[SANPHAM] ([MaSP], [TenSP], [TacGia], [KichThuoc], [TrongLuong], [NgayPhatHanh], [Gia], [HinhAnh], [MoTa], [LuotXem], [SLNhap], [SLBan], [MaTheLoai], [MaCTPH], [MaNhaXuatBan], [MaTTSP]) VALUES (138, N'Sẽ Có Cách, Đừng Lo!', N'Tuệ Nghi', N'13 x 20.5 cm        ', N'342       ', CAST(N'2016-05-15' AS Date), CAST(45000 AS Decimal(18, 0)), N'secocach.jpg', N'&lt;p&gt;Tiểu thuyết đầu tay Luật Ngầm đ&amp;atilde; chứng tỏ c&amp;ocirc; g&amp;aacute;i 9X Tuệ Nghi l&amp;agrave; một nữ t&amp;aacute;c giả mới nhưng c&amp;oacute; khả năng viết s&amp;acirc;u sắc, chỉ sau 43 ng&amp;agrave;y ph&amp;aacute;t h&amp;agrave;nh, tập đo&amp;agrave;n Galaxy đ&amp;atilde; mua bản thảo tiểu thuyết của Tuệ Nghi để chuyển thể th&amp;agrave;nh phim. Đ&amp;acirc;y l&amp;agrave; lần thứ hai Tuệ Nghi tiếp tục cầm b&amp;uacute;t, ra mắt tản văn Sẽ c&amp;oacute; c&amp;aacute;ch, đừng lo với lối viết gần gũi, những tự sự, trăn trở về chuyện đời - chuyện người. Cuốn s&amp;aacute;ch như một m&amp;oacute;n qu&amp;agrave; động vi&amp;ecirc;n độc giả, thể hiện năng lượng sống t&amp;iacute;ch cực khi đứng trước những điều tưởng chừng như rất kh&amp;oacute; vượt qua.&lt;/p&gt;

&lt;p&gt;&lt;b&gt;&amp;quot;Sẽ c&amp;oacute; c&amp;aacute;ch, đừng lo&amp;quot;&amp;nbsp;&lt;/b&gt;v&amp;agrave; những th&amp;ocirc;ng điệp sống &amp;yacute; nghĩa.&lt;/p&gt;

&lt;p&gt;Cha mất v&amp;agrave;o năm Tuệ Nghi 14 tuổi, hai mẹ con c&amp;ocirc; dắt nhau v&amp;agrave;o S&amp;agrave;i G&amp;ograve;n mưu sinh. Ch&amp;iacute;nh l&amp;uacute;c n&amp;agrave;y mẹ c&amp;ocirc; ph&amp;aacute;t hiện m&amp;igrave;nh mang khối u. Kh&amp;ocirc;ng tiền bạc chạy chữa, hai mẹ con c&amp;ocirc; phải sống ở ban c&amp;ocirc;ng rồi lang thang khu ở chuột. Trải qua nhiều va vấp nhưng Tuệ Nghi chưa bao giờ o&amp;aacute;n tr&amp;aacute;ch số phận, bởi c&amp;ocirc; nghĩ rằng, ch&amp;iacute;nh nghịch cảnh đ&amp;atilde; khiến m&amp;igrave;nh lớn hơn, biết được m&amp;igrave;nh c&amp;oacute; thể l&amp;agrave;m được g&amp;igrave; v&amp;agrave; l&amp;agrave;m được đến đ&amp;acirc;u - Nghi chia sẻ.&lt;/p&gt;
', 123, 200, 23, 5, 8, 10, 1)
INSERT [dbo].[SANPHAM] ([MaSP], [TenSP], [TacGia], [KichThuoc], [TrongLuong], [NgayPhatHanh], [Gia], [HinhAnh], [MoTa], [LuotXem], [SLNhap], [SLBan], [MaTheLoai], [MaCTPH], [MaNhaXuatBan], [MaTTSP]) VALUES (139, N'Không Là Không!', N'Jayneen Sanders', N'20 x 24 cm          ', N'374       ', CAST(N'2014-07-17' AS Date), CAST(63000 AS Decimal(18, 0)), N'khonglakhong.jpg', N'&lt;p&gt;Trong n&amp;agrave;y c&amp;oacute;:&lt;/p&gt;

&lt;p&gt;- C&amp;acirc;u chuyện đ&amp;aacute;ng y&amp;ecirc;u v&amp;agrave; dễ nhớ: trẻ n&amp;ecirc;n n&amp;oacute;i KH&amp;Ocirc;NG khi n&amp;agrave;o?&lt;/p&gt;

&lt;p&gt;- V&amp;igrave; sao cần dạy trẻ ranh giới ri&amp;ecirc;ng tư: n&amp;oacute;i chuyện về quyền, ranh giới ri&amp;ecirc;ng tư, sự t&amp;ocirc;n trọng, sự lựa chọn sẽ gi&amp;uacute;p trẻ vững v&amp;agrave;ng hơn.&lt;/p&gt;

&lt;p&gt;- Chuyện kh&amp;oacute; n&amp;oacute;i thực ra kh&amp;ocirc;ng kh&amp;oacute; n&amp;oacute;i: để phụ huynh v&amp;agrave; những người chăm s&amp;oacute;c nu&amp;ocirc;i dạy trẻ, để trao đổi với trẻ hằng ng&amp;agrave;y, gi&amp;uacute;p trẻ tự bảo vệ m&amp;igrave;nh.&lt;/p&gt;

&lt;p&gt;- &amp;nbsp;Danh mục c&amp;aacute;c tổ chức bảo vệ trẻ em.&lt;/p&gt;

&lt;p&gt;Cuốn s&amp;aacute;ch trao quyền cho trẻ em mọi lứa tuổi!&lt;/p&gt;

&lt;p&gt;Lắng nghe v&amp;agrave; t&amp;ocirc;n trọng lời từ chối của trẻ!&lt;/p&gt;
', 32, 123, 12, 8, 8, 10, 1)
INSERT [dbo].[SANPHAM] ([MaSP], [TenSP], [TacGia], [KichThuoc], [TrongLuong], [NgayPhatHanh], [Gia], [HinhAnh], [MoTa], [LuotXem], [SLNhap], [SLBan], [MaTheLoai], [MaCTPH], [MaNhaXuatBan], [MaTTSP]) VALUES (140, N'Bảy Bước Tới Mùa Hè', N'Nguyễn Nhật Ánh', N'20 x 24 cm          ', N'374       ', CAST(N'2016-03-24' AS Date), CAST(123000 AS Decimal(18, 0)), N'baybuoctoimuahe.jpg', N'&lt;p&gt;C&amp;acirc;u chuyện về một m&amp;ugrave;a h&amp;egrave; ngọt ng&amp;agrave;o, những tr&amp;ograve; chơi nghịch ngợm v&amp;agrave; b&amp;acirc;ng khu&amp;acirc;ng t&amp;igrave;nh cảm tuổi mới lớn. Chỉ vậy th&amp;ocirc;i nhưng chứng tỏ t&amp;aacute;c giả đ&amp;uacute;ng l&amp;agrave; nh&amp;agrave; kể chuyện h&amp;oacute;m hỉnh, khiến người đọc cuốn h&amp;uacute;t từ tựa đến trang cuối c&amp;ugrave;ng, c&amp;oacute; lẽ ch&amp;iacute;nh v&amp;igrave; giọng văn giản dị v&amp;agrave; trong trẻo của Nguyễn Nhật &amp;Aacute;nh, v&amp;agrave; kết th&amp;uacute;c th&amp;igrave; c&amp;oacute; hậu đầy thuyết phục. C&amp;acirc;u chuyện cho tuổi học tr&amp;ograve;, đọc xong l&amp;agrave; thấy ngập l&amp;ecirc;n khao kh&amp;aacute;t quay về một thời thơ b&amp;eacute;, với t&amp;igrave;nh thầy tr&amp;ograve;, b&amp;egrave; bạn, t&amp;igrave;nh x&amp;oacute;m giềng, họ h&amp;agrave;ng, qua c&amp;aacute;ch nh&amp;igrave;n đời nhẹ nh&amp;otilde;m, rộng lượng.&lt;/p&gt;
', 123, 300, 200, 5, 9, 11, 1)
INSERT [dbo].[SANPHAM] ([MaSP], [TenSP], [TacGia], [KichThuoc], [TrongLuong], [NgayPhatHanh], [Gia], [HinhAnh], [MoTa], [LuotXem], [SLNhap], [SLBan], [MaTheLoai], [MaCTPH], [MaNhaXuatBan], [MaTTSP]) VALUES (141, N'Đắc Nhân Tâm', N'Dale Carnegie', N'13 x 20.5 cm        ', N'374       ', CAST(N'2016-06-15' AS Date), CAST(80000 AS Decimal(18, 0)), N'dacnhantam.jpg', N'&lt;p&gt;&lt;em&gt;&lt;strong&gt;Đắc nh&amp;acirc;n t&amp;acirc;m&lt;/strong&gt;&lt;/em&gt;&amp;nbsp;&amp;ndash; How to win friends and Influence People của Dale Carnegie l&amp;agrave; quyển s&amp;aacute;ch nổi tiếng nhất, b&amp;aacute;n chạy nhất v&amp;agrave; c&amp;oacute; tầm ảnh hưởng nhất của mọi thời đại. T&amp;aacute;c phẩm đ&amp;atilde; được chuyển ngữ sang hầu hết c&amp;aacute;c thứ tiếng tr&amp;ecirc;n thế giới v&amp;agrave; c&amp;oacute; mặt ở h&amp;agrave;ng trăm quốc gia. Đ&amp;acirc;y l&amp;agrave; quyển s&amp;aacute;ch duy nhất về thể loại self-help li&amp;ecirc;n tục đứng đầu danh mục s&amp;aacute;ch b&amp;aacute;n chạy nhất (best-selling Books) do b&amp;aacute;o The New York Times b&amp;igrave;nh chọn suốt 10 năm liền. Ri&amp;ecirc;ng bản tiếng Anh của s&amp;aacute;ch đ&amp;atilde; b&amp;aacute;n được hơn 15 triệu bản tr&amp;ecirc;n thế giới. T&amp;aacute;c phẩm c&amp;oacute; sức lan toả v&amp;ocirc; c&amp;ugrave;ng rộng lớn &amp;ndash; d&amp;ugrave; bạn đi đến bất cứ đ&amp;acirc;u, bất kỳ quốc gia n&amp;agrave;o cũng đều c&amp;oacute; thể nh&amp;igrave;n thấy. T&amp;aacute;c phẩm được đ&amp;aacute;nh gi&amp;aacute; l&amp;agrave; quyển s&amp;aacute;ch đầu ti&amp;ecirc;n v&amp;agrave; hay nhất, c&amp;oacute; ảnh hưởng l&amp;agrave;m thay đổi cuộc đời của h&amp;agrave;ng triệu người tr&amp;ecirc;n thế giới.&lt;/p&gt;
', 123, 200, 123, 8, 9, 11, 1)
INSERT [dbo].[SANPHAM] ([MaSP], [TenSP], [TacGia], [KichThuoc], [TrongLuong], [NgayPhatHanh], [Gia], [HinhAnh], [MoTa], [LuotXem], [SLNhap], [SLBan], [MaTheLoai], [MaCTPH], [MaNhaXuatBan], [MaTTSP]) VALUES (142, N'Đong Tấm Lòng', N'Nguyễn Ngọc Tư', N'14.5 x 20.5 cm      ', N'140       ', CAST(N'2016-03-24' AS Date), CAST(14000 AS Decimal(18, 0)), N'dongtamlong.jpg', N'&lt;p&gt;&lt;b&gt;&lt;i&gt;Đong tấm l&amp;ograve;ng&lt;/i&gt;&lt;/b&gt;&amp;nbsp;l&amp;agrave; tập tản văn mới của Nguyễn Ngọc Tư, với những trang viết dung dị v&amp;agrave; nhiều &amp;yacute; nghĩa như&amp;nbsp;&lt;i&gt;Mua đi b&amp;aacute;n lại một đ&amp;aacute;m đ&amp;ocirc;ng; Chỗ n&amp;agrave;o cũng nắng; C&amp;uacute;i xuống che chung; C&amp;aacute;ch n&amp;agrave;o cũng nhớ; Giữa người với người; Gọi t&amp;ecirc;n nỗi sợ&amp;hellip;&lt;/i&gt;&lt;/p&gt;

&lt;p&gt;Vẫn l&amp;agrave; c&amp;aacute;ch viết quen thuộc đ&amp;atilde; l&amp;agrave;m n&amp;ecirc;n một t&amp;ecirc;n tuổi Nguyễn Ngọc Tư: qua những chuyện b&amp;igrave;nh thường h&amp;agrave;ng ng&amp;agrave;y để kh&amp;aacute;i qu&amp;aacute;t về th&amp;acirc;n phận con người, những chi&amp;ecirc;m nghiệm về cuộc đời&amp;hellip; rất giản dị m&amp;agrave; s&amp;acirc;u lắng. L&amp;agrave; một tập s&amp;aacute;ch đ&amp;aacute;ng đọc trong những ng&amp;agrave;y đầu năm để ta c&amp;oacute; thể &amp;quot;lập tr&amp;igrave;nh&amp;quot; bản th&amp;acirc;n cho một năm mới nhiều &amp;yacute; nghĩa hơn.&lt;/p&gt;
', 21, 123, 12, 5, 9, 11, 1)
INSERT [dbo].[SANPHAM] ([MaSP], [TenSP], [TacGia], [KichThuoc], [TrongLuong], [NgayPhatHanh], [Gia], [HinhAnh], [MoTa], [LuotXem], [SLNhap], [SLBan], [MaTheLoai], [MaCTPH], [MaNhaXuatBan], [MaTTSP]) VALUES (143, N'5 Centimet Trên Giây', N'Shinkai Makoto', N'13 x 20.5 cm        ', N'270       ', CAST(N'2016-06-15' AS Date), CAST(45000 AS Decimal(18, 0)), N'cmtren giay.jpg', N'&lt;p&gt;Bằng giọng văn tinh tế, truyền cảm,&amp;nbsp;&lt;b&gt;&lt;i&gt;Năm centimet tr&amp;ecirc;n gi&amp;acirc;y&lt;/i&gt;&lt;/b&gt;&amp;nbsp;mang đến những khắc họa mới về t&amp;acirc;m hồn v&amp;agrave; khả năng tồn tại của cảm x&amp;uacute;c, bắt đầu từ t&amp;igrave;nh y&amp;ecirc;u trong s&amp;aacute;ng, ngọt ng&amp;agrave;o của một c&amp;ocirc; b&amp;eacute; v&amp;agrave; cậu b&amp;eacute;. Ba giai đoạn, ba mảnh gh&amp;eacute;p, ba ng&amp;ocirc;i kể chuyện kh&amp;aacute;c nhau nhưng đều xoay quanh nh&amp;acirc;n vật nam ch&amp;iacute;nh, người lu&amp;ocirc;n bị &amp;aacute;m ảnh bởi k&amp;iacute; ức v&amp;agrave; những điều đ&amp;atilde; qua&amp;hellip;&lt;/p&gt;

&lt;p&gt;Kh&amp;aacute;c với những c&amp;acirc;u chuyện cuốn bạn chạy một mạch, truyện n&amp;agrave;y kh&amp;oacute; m&amp;agrave; đọc nhanh. Ng&amp;oacute;n tay bạn hẳn sẽ ngừng lại cả trăm lần tr&amp;ecirc;n mỗi trang s&amp;aacute;ch. Chỉ v&amp;igrave; một cử động rất khẽ, một c&amp;acirc;u thoại, hay một x&amp;uacute;c cảm bất chợt c&amp;oacute; thể sẽ đ&amp;aacute;nh thức những điều tưởng chừng đ&amp;atilde; ngủ qu&amp;ecirc;n trong tiềm thức, như ngọn đ&amp;egrave;n vừa được bật s&amp;aacute;ng trong t&amp;acirc;m tr&amp;iacute; bạn. V&amp;agrave; rồi c&amp;oacute; l&amp;uacute;c n&amp;oacute; vượt qu&amp;aacute; giới hạn chịu đựng, bạn quyết định gấp cuốn s&amp;aacute;ch lại chỉ để tận hưởng ch&amp;uacute;t &amp;aacute;nh s&amp;aacute;ng từ ngọn đ&amp;egrave;n, hay đơn giản l&amp;agrave; để vết thương trong l&amp;ograve;ng m&amp;igrave;nh c&amp;oacute; thời gian tự t&amp;igrave;m xoa dịu.&lt;/p&gt;
', 321, 123, 12, 6, 9, 11, 1)
INSERT [dbo].[SANPHAM] ([MaSP], [TenSP], [TacGia], [KichThuoc], [TrongLuong], [NgayPhatHanh], [Gia], [HinhAnh], [MoTa], [LuotXem], [SLNhap], [SLBan], [MaTheLoai], [MaCTPH], [MaNhaXuatBan], [MaTTSP]) VALUES (144, N'Tạm Biệt, Em Ổn!', N'Tờ Pi ', N'20 x 24 cm          ', N'378       ', CAST(N'2014-06-16' AS Date), CAST(80000 AS Decimal(18, 0)), N'tambietemon.jpg', N'&lt;p&gt;T&amp;ocirc;i đi qua tuổi trẻ với những vết thương l&amp;ograve;ng s&amp;acirc;u đến mức t&amp;ocirc;i tưởng n&amp;oacute; ko thể l&amp;agrave;nh được..&lt;/p&gt;

&lt;p&gt;Ở cuốn tản văn n&amp;agrave;y - t&amp;ocirc;i nh&amp;igrave;n thấy m&amp;igrave;nh của tuổi 20 - nh&amp;igrave;n thấy m&amp;igrave;nh từ qu&amp;aacute; khứ... T&amp;ocirc;i muốn tặng n&amp;oacute; cho t&amp;ocirc;i của b&amp;acirc;y giờ để biết m&amp;igrave;nh đ&amp;atilde; vượt qua kh&amp;oacute; khăn như thế n&amp;agrave;o.&lt;/p&gt;

&lt;p&gt;Tặng cho người đ&amp;atilde; dạy t&amp;ocirc;i b&amp;agrave;i học về sự phản bội&lt;/p&gt;

&lt;p&gt;Tặng cho anh - người tốt - đ&amp;atilde; lu&amp;ocirc;n nắm chặt tay em v&amp;agrave; gi&amp;uacute;p em tin v&amp;agrave;o những điều đẹp đẽ cuối c&amp;ugrave;ng c&amp;ograve;n s&amp;oacute;t lại.&lt;/p&gt;

&lt;p&gt;Tặng cho tất cả c&amp;aacute;c c&amp;ocirc; g&amp;aacute;i quanh t&amp;ocirc;i - để c&amp;aacute;c g&amp;aacute;i thấy - bản th&amp;acirc;n m&amp;igrave;nh l&amp;agrave; thứ cần y&amp;ecirc;u hơn bất cứ zai n&amp;agrave;o hết, d&amp;ugrave; cuộc đời chưa bao giờ l&amp;agrave; m&amp;agrave;u hồng như trong s&amp;aacute;ch v&amp;agrave; truyện nam nữ c&amp;agrave;ng kh&amp;ocirc;ng bao giờ giống ng&amp;ocirc;n t&amp;igrave;nh trong truyện.&lt;/p&gt;

&lt;p&gt;V&amp;agrave; cuối c&amp;ugrave;ng:Tặng cho S&amp;agrave;i G&amp;ograve;n - th&amp;agrave;nh phố lung linh &amp;aacute;nh s&amp;aacute;ng đầy kỉ niệm của t&amp;ocirc;i.&amp;rdquo;&lt;/p&gt;
', 22, 123, 21, 5, 10, 12, 1)
INSERT [dbo].[SANPHAM] ([MaSP], [TenSP], [TacGia], [KichThuoc], [TrongLuong], [NgayPhatHanh], [Gia], [HinhAnh], [MoTa], [LuotXem], [SLNhap], [SLBan], [MaTheLoai], [MaCTPH], [MaNhaXuatBan], [MaTTSP]) VALUES (145, N'Tư Duy ASEAN!', N'Hooi Den Huan , Hermawan Kartajaya , Philip Kotler', N'20 x 24 cm          ', N'270       ', CAST(N'2016-06-15' AS Date), CAST(123000 AS Decimal(18, 0)), N'tuduyasean.jpg', N'&lt;p&gt;&lt;font face="arial,helvetica,sans-serif" size="2"&gt;Một hiện tượng th&amp;uacute; vị vừa mới xảy ra ở Đ&amp;ocirc;ng Nam &amp;Aacute;: BreadTalk, thương hiệu b&amp;aacute;nh nướng ở Singapore, đang mở th&amp;ecirc;m cửa h&amp;agrave;ng ở Jakarta, Malaysia v&amp;agrave; Philippine. Phở 24, chuỗi nh&amp;agrave; h&amp;agrave;ng phở Việt Nam, đang hiện diện tại Indonesia. AirAsia, h&amp;atilde;ng h&amp;agrave;ng kh&amp;ocirc;ng gi&amp;aacute; rẻ của Malaysia, hiện c&amp;oacute; chi nh&amp;aacute;nh tại Th&amp;aacute;i Lan v&amp;agrave; Indonesia.&lt;/font&gt;&lt;/p&gt;

&lt;p&gt;&lt;font face="arial,helvetica,sans-serif" size="2"&gt;Những điều đ&amp;oacute; cho thấy qu&amp;aacute; tr&amp;igrave;nh khu vực h&amp;oacute;a đang diễn ra mạnh mẽ. Qu&amp;aacute; tr&amp;igrave;nh n&amp;agrave;y giờ đ&amp;acirc;y trở th&amp;agrave;nh một xu hướng c&amp;ograve;n quan trọng hơn cả qu&amp;aacute; tr&amp;igrave;nh to&amp;agrave;n cầu h&amp;oacute;a. Hiệp hội c&amp;aacute;c quốc gia Đ&amp;ocirc;ng Nam &amp;Aacute; (ASEAN) kh&amp;ocirc;ng c&amp;ograve;n đơn thuần l&amp;agrave; một hiệp hội của c&amp;aacute;c nước l&amp;aacute;ng giềng, m&amp;agrave; đang trở th&amp;agrave;nh một thị trường hợp nhất với tiềm năng to lớn.&lt;/font&gt;&lt;/p&gt;
', 21, 123, 33, 5, 10, 12, 1)
INSERT [dbo].[SANPHAM] ([MaSP], [TenSP], [TacGia], [KichThuoc], [TrongLuong], [NgayPhatHanh], [Gia], [HinhAnh], [MoTa], [LuotXem], [SLNhap], [SLBan], [MaTheLoai], [MaCTPH], [MaNhaXuatBan], [MaTTSP]) VALUES (146, N'Ông Trời Đang Mưa', N'Lưu Thị Lương', N'16 x 24 cm          ', N'270       ', CAST(N'2016-06-15' AS Date), CAST(34000 AS Decimal(18, 0)), N'ongtroidangmua.jpg', N'&lt;p&gt;&amp;lt;p&amp;gt;&amp;lt;font face=&amp;quot;arial,helvetica,sans-serif&amp;quot; size=&amp;quot;2&amp;quot;&amp;gt;Trong &amp;amp;Ocirc;ng Trời Đang Mưa, b&amp;amp;eacute; sẽ được tiếp cận một thế giới lo&amp;amp;agrave;i vật biết n&amp;amp;oacute;i tiếng người để hiểu th&amp;amp;ecirc;m về thi&amp;amp;ecirc;n nhi&amp;amp;ecirc;n quanh m&amp;amp;igrave;nh. Cuốn s&amp;amp;aacute;ch l&amp;amp;agrave; lời giải th&amp;amp;iacute;ch đơn giản những c&amp;amp;acirc;u hỏi v&amp;amp;igrave; sao được diễn giải qua c&amp;amp;aacute;c c&amp;amp;acirc;u chuyện nho nhỏ, vui vui của đứa b&amp;amp;eacute; được sống giữa t&amp;amp;igrave;nh cảm gia đ&amp;amp;igrave;nh thắm thiết, qua đ&amp;amp;oacute; b&amp;amp;eacute; được học về t&amp;amp;igrave;nh y&amp;amp;ecirc;u thi&amp;amp;ecirc;n nhi&amp;amp;ecirc;n, được dạy qu&amp;amp;yacute; trọng vạn vật quanh m&amp;amp;igrave;nh.&amp;lt;/font&amp;gt;&amp;lt;/p&amp;gt; &amp;lt;p&amp;gt;&amp;lt;font face=&amp;quot;arial,helvetica,sans-serif&amp;quot; size=&amp;quot;2&amp;quot;&amp;gt;S&amp;amp;aacute;ch gồm 14 mẩu truyện ngắn, mỗi truyện khoảng 500 chữ, ph&amp;amp;ugrave; hợp với tr&amp;amp;igrave;nh độ nghe hiểu của lứa tuổi nh&amp;amp;agrave; trẻ, mẫu gi&amp;amp;aacute;o. Mỗi truyện đều k&amp;amp;egrave;m một trang h&amp;amp;igrave;nh minh họa để c&amp;amp;aacute;c b&amp;amp;eacute; c&amp;amp;oacute; thể t&amp;amp;ocirc; m&amp;amp;agrave;u v&amp;amp;agrave;o c&amp;amp;aacute;c bức h&amp;amp;igrave;nh sinh động trong s&amp;amp;aacute;ch. Vừa đọc truyện, vừa t&amp;amp;ocirc; m&amp;amp;agrave;u, thật vui v&amp;amp;agrave; th&amp;amp;uacute; vị!&amp;lt;/font&amp;gt;&amp;lt;/p&amp;gt;&lt;/p&gt;
', 123, 321, 121, 7, 10, 12, 1)
INSERT [dbo].[SANPHAM] ([MaSP], [TenSP], [TacGia], [KichThuoc], [TrongLuong], [NgayPhatHanh], [Gia], [HinhAnh], [MoTa], [LuotXem], [SLNhap], [SLBan], [MaTheLoai], [MaCTPH], [MaNhaXuatBan], [MaTTSP]) VALUES (148, N'Ba Từ Nhỏ Thôi', N'Amy Novesky', N'13 x 20.5 cm        ', N'374       ', CAST(N'2016-06-15' AS Date), CAST(91000 AS Decimal(18, 0)), N'batunhothoi.jpg', N'&lt;p&gt;Lấy cảm hứng từ bộ phim hoạt h&amp;igrave;nh &amp;ldquo;Đi t&amp;igrave;m Dory&amp;rdquo; v&amp;agrave; h&amp;igrave;nh ảnh của c&amp;ocirc; c&amp;aacute; bắp nẻ xanh Dory đ&amp;atilde;ng tr&amp;iacute;, cuốn s&amp;aacute;ch&amp;nbsp;&lt;b&gt;&lt;i&gt;Ba từ nhỏ th&amp;ocirc;i&lt;/i&gt;&lt;/b&gt;&amp;nbsp;với tranh m&amp;agrave;u nước tuyệt đẹp v&amp;agrave; tr&amp;agrave;n đầy cảm hứng &amp;nbsp;gửi gắm đến bạn đọc một th&amp;ocirc;ng điệp giản dị gắn với &amp;ldquo;ba từ nhỏ th&amp;ocirc;i&amp;rdquo; của c&amp;ocirc; c&amp;aacute; Dory: &amp;ldquo;H&amp;atilde;y bơi đi!&amp;rdquo;.&lt;/p&gt;

&lt;p&gt;D&amp;ugrave; bạn mới chỉ chạm v&amp;acirc;y xuống nước hay đ&amp;atilde; bắt đầu h&amp;agrave;nh tr&amp;igrave;nh tr&amp;ecirc;n biển cả, c&amp;acirc;u chuyện về niềm hi vọng v&amp;agrave; tinh thần ki&amp;ecirc;n cường của Dory, Marlin v&amp;agrave; Nemo sẽ truyền cho bạn nguồn cảm hứng bất tận. H&amp;atilde;y c&amp;ugrave;ng băng qua đại dương s&amp;acirc;u thẳm để t&amp;igrave;m kiếm gia đ&amp;igrave;nh c&amp;ugrave;ng c&amp;ocirc; c&amp;aacute; bắp nẻ xanh lu&amp;ocirc;n lạc quan, vui vẻ, c&amp;ugrave;ng ghi nhớ &amp;ldquo;ba từ nhỏ th&amp;ocirc;i&amp;rdquo; giống Dory để đến được với giấc mơ của cuộc đời m&amp;igrave;nh.&lt;/p&gt;
', 123, 1234, 123, 3, 11, 1, 1)
INSERT [dbo].[SANPHAM] ([MaSP], [TenSP], [TacGia], [KichThuoc], [TrongLuong], [NgayPhatHanh], [Gia], [HinhAnh], [MoTa], [LuotXem], [SLNhap], [SLBan], [MaTheLoai], [MaCTPH], [MaNhaXuatBan], [MaTTSP]) VALUES (149, N'Đi Tìm Dory', N'Disney ', N'14.5 x 20.5 cm      ', N'140       ', CAST(N'2016-06-21' AS Date), CAST(19000 AS Decimal(18, 0)), N'ditimdory.jpg', N'&lt;p&gt;Ấn phẩm điện ảnh ch&amp;iacute;nh thức đồng h&amp;agrave;nh c&amp;ugrave;ng bộ phim hoạt h&amp;igrave;nh đ&amp;igrave;nh đ&amp;aacute;m &amp;quot;Đi t&amp;igrave;m Dory&amp;quot;. Kh&amp;ocirc;ng chỉ giới thiệu c&amp;aacute;c nh&amp;acirc;n vật mới sẽ xuất hiện trong &amp;quot;Đi t&amp;igrave;m Dory&amp;quot;, tạp ch&amp;iacute; c&amp;ograve;n c&amp;oacute; những tr&amp;ograve; chơi hấp dẫn v&amp;agrave; bắt mắt &amp;quot;dưới đ&amp;aacute;y biển xanh&amp;quot; c&amp;ugrave;ng truyện tranh m&amp;agrave;u độc đ&amp;aacute;o, tặng k&amp;egrave;m sticker, thẻ tr&amp;ograve; chơi, b&amp;agrave;n chơi hấp dẫn để c&amp;aacute;c bạn nhỏ c&amp;ugrave;ng Dory bước v&amp;agrave;o h&amp;agrave;nh tr&amp;igrave;nh t&amp;igrave;m lại k&amp;iacute; ức v&amp;agrave; trở về qu&amp;ecirc; hương y&amp;ecirc;u dấu!&lt;/p&gt;
', 12, 123, 12, 3, 11, 4, 1)
INSERT [dbo].[SANPHAM] ([MaSP], [TenSP], [TacGia], [KichThuoc], [TrongLuong], [NgayPhatHanh], [Gia], [HinhAnh], [MoTa], [LuotXem], [SLNhap], [SLBan], [MaTheLoai], [MaCTPH], [MaNhaXuatBan], [MaTTSP]) VALUES (150, N'Đi Tìm Nemo', N'Disney ', N'16 x 24 cm          ', N'342       ', CAST(N'2016-06-15' AS Date), CAST(91000 AS Decimal(18, 0)), N'ditimnemo.jpg', N'&lt;p&gt;Marlin v&amp;agrave; Nemo l&amp;agrave; hai cha con c&amp;aacute; hề sống trong một b&amp;ocirc;ng hải quỳ ở Rạn San H&amp;ocirc; Lớn. Coral, vợ Marlin, c&amp;ugrave;ng cả đ&amp;agrave;n con nhỏ vẫn c&amp;ograve;n trong trứng đ&amp;atilde; bị một con c&amp;aacute; nhồng hung h&amp;atilde;n ăn thịt.&lt;/p&gt;

&lt;p&gt;Sau sự cố đau buồn n&amp;agrave;y, Marlin dồn hết t&amp;igrave;nh y&amp;ecirc;u thương cho Nemo, đứa con duy nhất c&amp;ograve;n sống s&amp;oacute;t. Anh tự hứa với m&amp;igrave;nh rằng sẽ kh&amp;ocirc;ng để điều g&amp;igrave; xảy ra với con. Tuy nhi&amp;ecirc;n, Nemo lại cảm thấy ngột ngạt bởi sự bao bọc của bố. Cậu b&amp;eacute; chỉ muốn được thỏa th&amp;iacute;ch vui chơi, kh&amp;aacute;m ph&amp;aacute; thế giới b&amp;ecirc;n ngo&amp;agrave;i.&lt;/p&gt;

&lt;p&gt;Một ng&amp;agrave;y nọ, v&amp;igrave; giận bố v&amp;agrave; muốn chứng tỏ bản th&amp;acirc;n, Nemo đ&amp;atilde; liều m&amp;igrave;nh bơi l&amp;ecirc;n gần mặt nước v&amp;agrave; chạm v&amp;acirc;y v&amp;agrave;o một chiếc thuyền nhỏ. Chưa kịp quay về, cậu b&amp;eacute; đ&amp;atilde; bị một thợ lặn bắt đi. Marlin đi&amp;ecirc;n cuồng đuổi theo chiếc thuyền v&amp;agrave; đ&amp;atilde; dấn th&amp;acirc;n v&amp;agrave;o một h&amp;agrave;nh tr&amp;igrave;nh phi thường h&amp;ograve;ng t&amp;igrave;m lại cậu con trai y&amp;ecirc;u dấu.&lt;/p&gt;
', 213, 321, 123, 3, 11, 2, 1)
INSERT [dbo].[SANPHAM] ([MaSP], [TenSP], [TacGia], [KichThuoc], [TrongLuong], [NgayPhatHanh], [Gia], [HinhAnh], [MoTa], [LuotXem], [SLNhap], [SLBan], [MaTheLoai], [MaCTPH], [MaNhaXuatBan], [MaTTSP]) VALUES (151, N'Cô Bé Quàng Khăn Đỏ', N'Nicoletta Codignola , Sophie Fatus', N'16 x 24 cm          ', N'270       ', CAST(N'2014-07-17' AS Date), CAST(123000 AS Decimal(18, 0)), N'cobequangkhando.jpg', N'&lt;p&gt;Truyện kể về&amp;nbsp;&lt;b&gt;c&amp;ocirc; b&amp;eacute; qu&amp;agrave;ng khăn đỏ&lt;/b&gt;&amp;nbsp;của anh em nh&amp;agrave; Grim được trẻ em tr&amp;ecirc;n to&amp;agrave;n thế giới y&amp;ecirc;u th&amp;iacute;ch, nay được tr&amp;igrave;nh b&amp;agrave;y theo một c&amp;aacute;ch ho&amp;agrave;n to&amp;agrave;n mới lạ - truyện gh&amp;eacute;p h&amp;igrave;nh.&lt;/p&gt;

&lt;p&gt;Vừa đọc vừa chơi, cả nh&amp;agrave; c&amp;ugrave;ng cười:&lt;/p&gt;

&lt;p&gt;- Bố/mẹ ngồi đối diện con (&lt;i&gt;kh&amp;ocirc;ng phải ngồi cạnh nh&amp;eacute;&lt;/i&gt;).&lt;/p&gt;

&lt;p&gt;- Từng thẻ đưa l&amp;ecirc;n, con nh&amp;igrave;n tranh bố mẹ đọc lời sau thẻ.&lt;/p&gt;

&lt;p&gt;- Xong mỗi thẻ, bố mẹ trao cho con xếp dưới s&amp;agrave;n.&lt;/p&gt;

&lt;p&gt;- Đọc xong hết, con c&amp;oacute; bức tranh lộng lẫy.&lt;/p&gt;

&lt;p&gt;- Con nh&amp;igrave;n từng thẻ nhỏ, h&amp;agrave;o hứng kể lại. (Mặt trong hộp c&amp;oacute; in sẵn lời truyện, để bố mẹ hỗ trợ cho con.)&lt;/p&gt;
', 12, 123, 21, 3, 11, 6, 1)
INSERT [dbo].[SANPHAM] ([MaSP], [TenSP], [TacGia], [KichThuoc], [TrongLuong], [NgayPhatHanh], [Gia], [HinhAnh], [MoTa], [LuotXem], [SLNhap], [SLBan], [MaTheLoai], [MaCTPH], [MaNhaXuatBan], [MaTTSP]) VALUES (152, N'Thần Thoại Hy Lạp', N'Nhiều Tác Giả', N'13 x 20.5 cm        ', N'342       ', CAST(N'2016-03-24' AS Date), CAST(29000 AS Decimal(18, 0)), N'thanthoaihylap.jpg', N'&lt;p&gt;&lt;b&gt;Thần thoại Hy Lạp - Thế giới c&amp;aacute;c vị thần&lt;/b&gt;&amp;nbsp;bao gồm c&amp;aacute;c truyền thuyết về c&amp;aacute;c vị thần v&amp;agrave; c&amp;aacute;c anh h&amp;ugrave;ng của người Hy Lạp. Qua những c&amp;acirc;u chuyện đặc sắc, c&amp;aacute;c em c&amp;oacute; cơ hội được t&amp;igrave;m hiểu về văn h&amp;oacute;a phương T&amp;acirc;y v&amp;agrave; tiếp thu kiến thức về nhiều lĩnh vực kh&amp;aacute;c nhau như ng&amp;ocirc;n ngữ, văn h&amp;oacute;a, khoa học, nghệ thuật&amp;hellip;&lt;/p&gt;

&lt;p&gt;&lt;b&gt;Thần thoại Hy Lạp - Thế giới c&amp;aacute;c vị thần&amp;nbsp;&lt;/b&gt;được kể lại ph&amp;ugrave; hợp với tư duy v&amp;agrave; khả năng tiếp nhận của c&amp;aacute;c độc giả nhỏ tuổi, dựa tr&amp;ecirc;n nguy&amp;ecirc;n t&amp;aacute;c của t&amp;aacute;c giả Thomas Bulfinch v&amp;agrave; cũng l&amp;agrave; t&amp;aacute;c phẩm thể hiện một c&amp;aacute;ch đầy đủ nhất, s&amp;acirc;u s&amp;aacute;t nhất Thần thoại Hy Lạp - La M&amp;atilde; - di sản văn h&amp;oacute;a vĩ đại của nh&amp;acirc;n loại. Qua đ&amp;oacute;, trẻ được bồi dưỡng kỹ năng viết v&amp;agrave; tư duy l&amp;ocirc;-gic.&lt;/p&gt;
', 32, 123, 21, 3, 12, 5, 1)
INSERT [dbo].[SANPHAM] ([MaSP], [TenSP], [TacGia], [KichThuoc], [TrongLuong], [NgayPhatHanh], [Gia], [HinhAnh], [MoTa], [LuotXem], [SLNhap], [SLBan], [MaTheLoai], [MaCTPH], [MaNhaXuatBan], [MaTTSP]) VALUES (153, N'Trường Học Côn Trùng - Tập 2', N'Ngô Tường Mẫn', N'13 x 20.5 cm        ', N'342       ', CAST(N'2016-06-15' AS Date), CAST(34000 AS Decimal(18, 0)), N'truonghoccontrung.jpg', N'&lt;p&gt;Bạn Ong Mật của lớp C&amp;ocirc;n Tr&amp;ugrave;ng Bay tr&amp;ocirc;ng v&amp;ocirc; c&amp;ugrave;ng đ&amp;aacute;ng y&amp;ecirc;u nhưng t&amp;iacute;nh t&amp;igrave;nh n&amp;oacute;ng nảy. Bạn ấy vốn nổi tiếng với phương ch&amp;acirc;m &amp;quot;th&amp;agrave; chết chứ kh&amp;ocirc;ng chịu khuất phục&amp;quot;, rất chăm chỉ học h&amp;agrave;nh lại lao động cần mẫn, mang về biết bao mật ngọt. Bạn ấy tiếp thị những giọt mật thơm ngon như n&amp;agrave;o? Những kh&amp;aacute;ch h&amp;agrave;ng &amp;quot;c&amp;oacute; một kh&amp;ocirc;ng hai&amp;quot; của bạn ấy l&amp;agrave; ai? H&amp;atilde;y c&amp;ugrave;ng đ&amp;oacute;n đọc nh&amp;eacute;.&lt;/p&gt;

&lt;p&gt;&lt;b&gt;Trường học c&amp;ocirc;n tr&amp;ugrave;ng&amp;nbsp;&lt;/b&gt;&amp;ndash; Thế giới động vật thu nhỏ, nơi xảy ra bao c&amp;acirc;u chuyện th&amp;uacute; vị v&amp;agrave; h&amp;agrave;i hước giữa những người bạn t&amp;iacute; hon đ&amp;aacute;ng y&amp;ecirc;u v&amp;agrave; c&amp;aacute; t&amp;iacute;nh. H&amp;atilde;y c&amp;ugrave;ng kh&amp;aacute;m ph&amp;aacute; bộ &amp;ldquo;khoa học vui&amp;rdquo; tuyệt vời n&amp;agrave;y nh&amp;eacute;!&lt;/p&gt;
', 67, 100, 13, 3, 12, 3, 1)
INSERT [dbo].[SANPHAM] ([MaSP], [TenSP], [TacGia], [KichThuoc], [TrongLuong], [NgayPhatHanh], [Gia], [HinhAnh], [MoTa], [LuotXem], [SLNhap], [SLBan], [MaTheLoai], [MaCTPH], [MaNhaXuatBan], [MaTTSP]) VALUES (154, N'Giáng Sinh Ở Thành Phố Ma Thuật', N'Lyle & Michael', N'14.5 x 20.5 cm      ', N'374       ', CAST(N'2014-07-17' AS Date), CAST(69000 AS Decimal(18, 0)), N'giangsinh.jpg', N'&lt;p&gt;&lt;b&gt;&lt;i&gt;Gi&amp;aacute;ng sinh ở th&amp;agrave;nh phố ma thuật&lt;/i&gt;&lt;/b&gt;&amp;nbsp;l&amp;agrave; sự kết hợp của 2 t&amp;aacute;c giả Lyle (Trung Quốc) v&amp;agrave; Michael (Canada). Bạn sẽ gặp một ch&amp;agrave;ng trai trẻ đầy nhiệt huyết, một c&amp;ocirc; g&amp;aacute;i nhỏ hoạt b&amp;aacute;t lanh lợi, bạn sẽ được c&amp;ugrave;ng họ v&amp;agrave; những người bạn của họ kh&amp;aacute;m ph&amp;aacute; những điều k&amp;igrave; diệu trong thế giới ph&amp;eacute;p thuật rộng lớn qua từng trang truyện.&lt;/p&gt;

&lt;p&gt;Bộ Ph&amp;agrave;m vốn l&amp;agrave; một cậu nh&amp;oacute;c bốn mắt, nh&amp;uacute;t nh&amp;aacute;t. V&amp;igrave; nh&amp;igrave;n cậu ngờ nghệch như vậy, đ&amp;aacute;m bạn học hư trong lớp rất hay bắt nạt cậu. Trong một lần đi tham quan viện bảo t&amp;agrave;ng Bộ Ph&amp;agrave;m nh&amp;igrave;n thấy cuốn s&amp;aacute;ch Mystisk Magic City - Th&amp;agrave;nh phố ma thuật thần b&amp;iacute;. Sau khi kết th&amp;uacute;c buổi tham quan Bộ Ph&amp;agrave;m bị đ&amp;aacute;m bạn xấu bắt nhốt v&amp;agrave;o trong một căn ph&amp;ograve;ng rồi kh&amp;oacute;a tr&amp;aacute;i cửa. L&amp;uacute;c n&amp;agrave;y Bộ Ph&amp;agrave;m cảm thấy một luồng &amp;aacute;nh s&amp;aacute;ng kỳ qu&amp;aacute;i l&amp;oacute;e l&amp;ecirc;n, khi mở mắt ra, cậu thấy m&amp;igrave;nh đ&amp;atilde; lạc v&amp;agrave;o một thế giới ho&amp;agrave;n to&amp;agrave;n kh&amp;aacute;c&amp;hellip;&amp;nbsp;&lt;/p&gt;
', 12, 123, 21, 6, 12, 7, 1)
INSERT [dbo].[SANPHAM] ([MaSP], [TenSP], [TacGia], [KichThuoc], [TrongLuong], [NgayPhatHanh], [Gia], [HinhAnh], [MoTa], [LuotXem], [SLNhap], [SLBan], [MaTheLoai], [MaCTPH], [MaNhaXuatBan], [MaTTSP]) VALUES (155, N'Đôi Khi Muốn Có Ai Đó Cạnh Bên', N'Hi', N'13 x 20.5 cm        ', N'270       ', CAST(N'2016-06-21' AS Date), CAST(45000 AS Decimal(18, 0)), N'doikhimuon.jpg', N'&lt;p&gt;Đ&amp;acirc;y l&amp;agrave; một cuốn s&amp;aacute;ch chứa đựng &amp;ecirc;m &amp;aacute;i v&amp;agrave; mượt m&amp;agrave;, dịu d&amp;agrave;ng v&amp;agrave; tất cả những g&amp;igrave; ở trong đ&amp;oacute; đẹp rực rỡ như một bức tranh.&amp;nbsp;&lt;/p&gt;

&lt;p&gt;&amp;ldquo;Tuổi trẻ ấy, thật vất vả v&amp;agrave; buồn cười. Vất vả v&amp;igrave; tụi m&amp;igrave;nh cứ sai v&amp;agrave; phải bắt đầu lại, sai v&amp;agrave; phải bắt đầu lại, ho&amp;agrave;i như vậy. C&amp;ograve;n buồn cười v&amp;igrave;, vất vả như vậy, m&amp;agrave; hiếm khi tớ thấy mệt mỏi.&amp;rdquo; &amp;ndash; đ&amp;oacute; l&amp;agrave; những lời Di n&amp;oacute;i với Minh ở trang thứ 174 của cuốn s&amp;aacute;ch.&lt;/p&gt;

&lt;p&gt;C&amp;oacute; g&amp;igrave; đ&amp;oacute; rất b&amp;igrave;nh y&amp;ecirc;n sau mỗi c&amp;acirc;u chuyện. Kh&amp;ocirc;ng mang theo những vui buồn phức tạp, Hi Trần &amp;nbsp;l&amp;agrave; c&amp;aacute;i t&amp;ecirc;n quen thuộc từ những trang viết của b&amp;aacute;o Hoa Học Tr&amp;ograve;, t&amp;aacute;c giả đ&amp;atilde; dẫn lối ta đi qua những năm th&amp;aacute;ng tuổi trẻ đẹp như một bức họa.&lt;/p&gt;
', 212, 250, 213, 6, 12, 8, 1)
INSERT [dbo].[SANPHAM] ([MaSP], [TenSP], [TacGia], [KichThuoc], [TrongLuong], [NgayPhatHanh], [Gia], [HinhAnh], [MoTa], [LuotXem], [SLNhap], [SLBan], [MaTheLoai], [MaCTPH], [MaNhaXuatBan], [MaTTSP]) VALUES (156, N'Cướp Biển Vui Nhộn', N'Russell Punter', N'16 x 24 cm          ', N'378       ', CAST(N'2016-03-24' AS Date), CAST(123000 AS Decimal(18, 0)), N'cuopbien.jpg', N'&lt;p&gt;S&amp;aacute;ch gồm 9 c&amp;acirc;u chuyện vui nhộn về những cướp biển, với c&amp;aacute;c chuyến ra khơi săn l&amp;ugrave;ng kho b&amp;aacute;u b&amp;iacute; mật, ch&amp;uacute; vẹt - người bạn kh&amp;ocirc;ng thể thiếu của c&amp;aacute;c hải tặc, những tr&amp;ograve; chơi khăm d&amp;agrave;nh cho c&amp;aacute;c cướp biển tham lam v&amp;agrave; ngốc nghếch&amp;hellip; S&amp;aacute;ch được minh họa tuyệt đẹp bằng c&amp;aacute;c h&amp;igrave;nh vẽ sống động v&amp;agrave; ngộ nghĩnh, gi&amp;uacute;p tr&amp;iacute; tưởng tượng của c&amp;aacute;c em nhỏ bay bổng. Cỡ chữ lớn, ph&amp;acirc;n bổ hợp l&amp;yacute; tr&amp;ecirc;n mỗi trang s&amp;aacute;ch cũng gi&amp;uacute;p c&amp;aacute;c em nhỏ dễ đọc, hoặc c&amp;aacute;c bậc phụ huynh cũng dễ d&amp;agrave;ng kể cho c&amp;aacute;c con nghe trong những giờ thư gi&amp;atilde;n của gia đ&amp;igrave;nh.&lt;/p&gt;
', 12, 123, 21, 7, 13, 10, 1)
INSERT [dbo].[SANPHAM] ([MaSP], [TenSP], [TacGia], [KichThuoc], [TrongLuong], [NgayPhatHanh], [Gia], [HinhAnh], [MoTa], [LuotXem], [SLNhap], [SLBan], [MaTheLoai], [MaCTPH], [MaNhaXuatBan], [MaTTSP]) VALUES (157, N'Bảo Bình', N'Disney ', N'14.5 x 20.5 cm      ', N'342       ', CAST(N'2016-06-21' AS Date), CAST(63000 AS Decimal(18, 0)), N'baobinh.jpg', N'&lt;p&gt;&lt;b&gt;Bảo B&amp;igrave;nh&lt;/b&gt;, c&amp;ocirc; ấy l&amp;agrave; ai? C&amp;oacute; phải c&amp;ocirc; l&amp;agrave; người từ thế giới kh&amp;aacute;c tới, thấy m&amp;igrave;nh c&amp;ocirc; độc, kh&amp;ocirc;ng tương th&amp;iacute;ch, một kẻ lạc lo&amp;agrave;i giữa cỗi người n&amp;agrave;y? Nhưng g&amp;igrave; c&amp;ocirc; viết - văn, thơ, kịch bản phim - c&amp;oacute; phải l&amp;agrave; một c&amp;aacute;ch để c&amp;ocirc; t&amp;igrave;m về thế giới nơi c&amp;ocirc; đ&amp;atilde; ra đi, qu&amp;ecirc; nh&amp;agrave; thật của c&amp;ocirc;, m&amp;agrave; ch&amp;iacute;nh c&amp;ocirc; cũng kh&amp;ocirc;ng thể mường tượng ra trọn vẹn h&amp;igrave;nh h&amp;agrave;i?... T&amp;igrave;nh y&amp;ecirc;u ch&amp;acirc;n th&amp;agrave;nh của ch&amp;agrave;ng trai b&amp;igrave;nh thường giản dị l&amp;agrave;m nghề lau k&amp;iacute;nh d&amp;agrave;nh cho c&amp;ocirc; liệu c&amp;oacute; thể mang lại điều g&amp;igrave; cho cuộc đời c&amp;ocirc;?... V&amp;agrave; Aquarius, thứ sản phẩm kỳ lạ đ&amp;oacute;, n&amp;oacute; ẩn chứa thứ sức mạnh b&amp;iacute; hiểm n&amp;agrave;o, c&amp;oacute; mối li&amp;ecirc;n hệ kh&amp;oacute; d&amp;ograve; n&amp;agrave;o với Bảo B&amp;igrave;nh?...&lt;/p&gt;

&lt;p&gt;Với giọng văn điềm đạm, nhẹ nh&amp;agrave;ng, đầy những h&amp;igrave;nh ảnh li&amp;ecirc;n tưởng bất ngờ, đầy &amp;aacute;m ảnh, Bảo B&amp;igrave;nh dẫn ta v&amp;agrave;o một c&amp;otilde;i s&amp;acirc;u khuất c&amp;oacute; vẻ đẹp gợn lạnh của tinh thần, giống như mơ song h&amp;igrave;nh như thật hơn mọi g&amp;igrave; kh&amp;aacute;c, v&amp;agrave; khiến ta cuối c&amp;ugrave;ng phải tự hỏi: thế giới thực v&amp;agrave; c&amp;acirc;u chuyện thực l&amp;agrave; ở đ&amp;acirc;u?&lt;/p&gt;
', 123, 350, 124, 5, 13, 11, 1)
INSERT [dbo].[SANPHAM] ([MaSP], [TenSP], [TacGia], [KichThuoc], [TrongLuong], [NgayPhatHanh], [Gia], [HinhAnh], [MoTa], [LuotXem], [SLNhap], [SLBan], [MaTheLoai], [MaCTPH], [MaNhaXuatBan], [MaTTSP]) VALUES (158, N'Tự Yêu', N'Du Phong', N'20 x 24 cm          ', N'132       ', CAST(N'2014-07-17' AS Date), CAST(35000 AS Decimal(18, 0)), N'tuyeu.jpg', N'&lt;p&gt;Cuốn s&amp;aacute;ch n&amp;agrave;y d&amp;agrave;nh tặng cho những người đang c&amp;ocirc; đơn, hoặc đang loay hoay giữa những y&amp;ecirc;u gh&amp;eacute;t, nhớ qu&amp;ecirc;n, vui buồn của ng&amp;agrave;y th&amp;aacute;ng cũ...&lt;/p&gt;

&lt;p&gt;Cuốn s&amp;aacute;ch n&amp;agrave;y cần thiết cho những người thấy l&amp;ograve;ng m&amp;igrave;nh chưa ho&amp;agrave;n to&amp;agrave;n thanh thản để tho&amp;aacute;t ra khỏi những vấn vương về những điều-kh&amp;ocirc;ng-trọn-vẹn...&lt;/p&gt;

&lt;p&gt;Cuốn s&amp;aacute;ch n&amp;agrave;y ph&amp;ugrave; hợp với những người chưa sẵn s&amp;agrave;ng v&amp;agrave; chưa đủ can đảm để cho m&amp;igrave;nh một cơ hội mới, để tiếp tục con đường b&amp;acirc;y l&amp;acirc;u bỏ dở v&amp;igrave; những tổn thương chất chồng...&lt;/p&gt;

&lt;p&gt;Người ta c&amp;oacute; nhiều c&amp;aacute;ch để vượt qua nỗi c&amp;ocirc; đơn, để bước qua nỗi buồn, để l&amp;agrave;m l&amp;ograve;ng m&amp;igrave;nh ấm lại. C&amp;aacute;ch tốt nhất trong số đ&amp;oacute;, l&amp;agrave; TỰ Y&amp;Ecirc;U.&lt;/p&gt;
', 12, 130, 31, 8, 13, 12, 1)
INSERT [dbo].[SANPHAM] ([MaSP], [TenSP], [TacGia], [KichThuoc], [TrongLuong], [NgayPhatHanh], [Gia], [HinhAnh], [MoTa], [LuotXem], [SLNhap], [SLBan], [MaTheLoai], [MaCTPH], [MaNhaXuatBan], [MaTTSP]) VALUES (159, N'Thám Tử Conan - Tập 87', N'Gosho Aoyama', N'14.5 x 20.5 cm      ', N'342       ', CAST(N'2016-03-24' AS Date), CAST(18000 AS Decimal(18, 0)), N'conan.jpg', N'&lt;p&gt;Trong l&amp;agrave;n mưa anh đ&amp;agrave;o&amp;hellip; Ran hồi tưởng lại lần đầu gặp Shinichi ở nh&amp;agrave; trẻ Beika! C&amp;acirc;u chuyện gợi ra những sắc m&amp;agrave;u ho&amp;agrave;n to&amp;agrave;n kh&amp;aacute;c lạ về Ran v&amp;agrave; Shinichi trong mắt của hai người&amp;hellip;! Ở tập n&amp;agrave;y c&amp;aacute;c bạn sẽ c&amp;oacute; lời giải cho &amp;ldquo;Những vụ &amp;aacute;n mạng ở Kawanakajima&amp;rdquo; v&amp;agrave; đến với &amp;ldquo;Vụ giết hại ng&amp;ocirc;i sao blog&amp;rdquo;.&lt;/p&gt;
', 123, 150, 122, 3, 13, 9, 1)
INSERT [dbo].[SANPHAM] ([MaSP], [TenSP], [TacGia], [KichThuoc], [TrongLuong], [NgayPhatHanh], [Gia], [HinhAnh], [MoTa], [LuotXem], [SLNhap], [SLBan], [MaTheLoai], [MaCTPH], [MaNhaXuatBan], [MaTTSP]) VALUES (160, N'Thẻ Học Cùng Doraemon', N'Fujiko Production', N'13 x 20.5 cm        ', N'374       ', CAST(N'2016-06-15' AS Date), CAST(45000 AS Decimal(18, 0)), N'doremon.jpg', N'&lt;p&gt;Bộ thẻ n&amp;agrave;y gồm 3 hộp:&amp;nbsp;&lt;b&gt;Chữ c&amp;aacute;i tiếng Việt, Ph&amp;aacute;t triển IQ&lt;/b&gt;&amp;nbsp;v&amp;agrave;&amp;nbsp;&lt;b&gt;N&amp;acirc;ng cao EQ&lt;/b&gt;. Mỗi hộp thẻ gồm 30 thẻ in m&amp;agrave;u cứng c&amp;aacute;p 2 mặt, để b&amp;eacute; học theo từng chủ đề. Nh&amp;acirc;n vật Doraemon th&amp;acirc;n thương c&amp;ugrave;ng c&amp;aacute;c bạn sẽ gi&amp;uacute;p b&amp;eacute; tiếp thu nhanh hơn, dễ ghi nhớ hơn.&lt;/p&gt;

&lt;p&gt;&lt;b&gt;Bộ thẻ Ph&amp;aacute;t triển IQ&lt;/b&gt;&amp;nbsp;gồm c&amp;aacute;c thẻ học số, học h&amp;igrave;nh, học ph&amp;eacute;p t&amp;iacute;nh... đảm bảo nhu cầu học v&amp;agrave; nhận biết to&amp;aacute;n căn bản của c&amp;aacute;c b&amp;eacute; 2-6 tuổi.&lt;/p&gt;
', 12, 123, 32, 7, 13, 4, 1)
INSERT [dbo].[SANPHAM] ([MaSP], [TenSP], [TacGia], [KichThuoc], [TrongLuong], [NgayPhatHanh], [Gia], [HinhAnh], [MoTa], [LuotXem], [SLNhap], [SLBan], [MaTheLoai], [MaCTPH], [MaNhaXuatBan], [MaTTSP]) VALUES (161, N'Đi Cùng Ánh Sáng - Tập 9', N'Keiko Tobe', N'17 x 24 cm          ', N'140       ', CAST(N'2015-01-20' AS Date), CAST(15000 AS Decimal(18, 0)), N'dicunganhsangt9.jpg', N'&lt;p&gt;Hikaru đ&amp;atilde; l&amp;ecirc;n lớp s&amp;aacute;u với thầy mới, bạn mới v&amp;agrave; phải đối mặt với những kh&amp;oacute; khăn mới. Kh&amp;ocirc;ng chỉ Hikaru m&amp;agrave; cả c&amp;aacute;c bạn trong lớp của em cũng cần được quan t&amp;acirc;m chăm s&amp;oacute;c. Nh&amp;agrave; trường v&amp;agrave; c&amp;aacute;c bậc phụ huynh đ&amp;atilde; đồng h&amp;agrave;nh với c&amp;aacute;c em như thế n&amp;agrave;o trong năm học lớp s&amp;aacute;u n&amp;agrave;y? Tại sao hai bạn Tsubasa v&amp;agrave; Ryouta lại chuyển sang học lớp Hoa B&amp;igrave;m Bịp c&amp;ugrave;ng với Hikaru v&amp;agrave; Miu?&lt;/p&gt;
', 12, 123, 21, 3, 1, 1, 1)
INSERT [dbo].[SANPHAM] ([MaSP], [TenSP], [TacGia], [KichThuoc], [TrongLuong], [NgayPhatHanh], [Gia], [HinhAnh], [MoTa], [LuotXem], [SLNhap], [SLBan], [MaTheLoai], [MaCTPH], [MaNhaXuatBan], [MaTTSP]) VALUES (162, N'Làm Sao Để Thôi "Nghiện" Ai Đó?', N'Howard M. Halpern', N'17 x 24 cm          ', N'140       ', CAST(N'2016-06-15' AS Date), CAST(120000 AS Decimal(18, 0)), N'lamsaonghien.jpg', N'&lt;p&gt;Bạn kh&amp;ocirc;ng thể rời bỏ một mối quan hệ y&amp;ecirc;u đương ngay cả khi n&amp;oacute; mang lại cho bạn nhiều đau khổ hơn niềm vui? Năng lực ph&amp;aacute;n đo&amp;aacute;n v&amp;agrave; l&amp;ograve;ng tự trọng m&amp;aacute;ch bảo bạn h&amp;atilde;y kết th&amp;uacute;c mối quan hệ đ&amp;oacute; nhưng bạn kh&amp;ocirc;ng đủ can đảm v&amp;agrave; vẫn b&amp;aacute;m lấy n&amp;oacute;. Dẫn chứng nhiều trường hợp cụ thể, sinh động, nh&amp;agrave; t&amp;acirc;m l&amp;yacute; trị liệu Howard Halpern trong s&amp;aacute;ch&amp;nbsp;&lt;b&gt;L&amp;agrave;m sao để th&amp;ocirc;i &amp;ldquo;nghiện&amp;rdquo; ai đ&amp;oacute;?&lt;/b&gt;&amp;nbsp;sẽ giải th&amp;iacute;ch cho bạn:&lt;/p&gt;

&lt;p&gt;&amp;bull; L&amp;yacute; do bạn m&amp;ecirc; đắm một ai đ&amp;oacute;.&lt;/p&gt;

&lt;p&gt;&amp;bull; L&amp;yacute; do v&amp;agrave; c&amp;aacute;ch bạn đang tự lừa dối m&amp;igrave;nh (&amp;ldquo;Anh ấy thật sự y&amp;ecirc;u t&amp;ocirc;i, chỉ l&amp;agrave; anh ấy kh&amp;ocirc;ng &amp;nbsp;biết c&amp;aacute;ch thể hiện n&amp;oacute;&amp;rdquo;).&lt;/p&gt;

&lt;p&gt;&amp;bull; C&amp;aacute;ch nhận biết c&amp;aacute;c dấu hiệu của một mối quan hệ tồi tệ.&lt;/p&gt;

&lt;p&gt;&amp;bull; C&amp;aacute;ch đối mặt với sự &amp;aacute;p chế của nửa kia.&lt;/p&gt;

&lt;p&gt;&amp;bull; Cảm gi&amp;aacute;c ghen tu&amp;ocirc;ng mạnh mẽ kh&amp;ocirc;ng c&amp;oacute; nghĩa l&amp;agrave; bạn &amp;ldquo;đang y&amp;ecirc;u&amp;rdquo;.&lt;/p&gt;

&lt;p&gt;&amp;bull; C&amp;aacute;ch vượt qua giai đoạn chia tay đầy tuyệt vọng.&lt;/p&gt;

&lt;p&gt;&amp;bull; C&amp;aacute;ch để kh&amp;ocirc;ng vướng v&amp;agrave;o một mối quan hệ đau khổ lần nữa.&lt;/p&gt;
', 123, 360, 124, 8, 13, 6, 1)
INSERT [dbo].[SANPHAM] ([MaSP], [TenSP], [TacGia], [KichThuoc], [TrongLuong], [NgayPhatHanh], [Gia], [HinhAnh], [MoTa], [LuotXem], [SLNhap], [SLBan], [MaTheLoai], [MaCTPH], [MaNhaXuatBan], [MaTTSP]) VALUES (163, N'Giữ Ấm Cho Bé', N'Nina Ishihara , Yumi Ishihara', N'14.5 x 20.5 cm      ', N'140       ', CAST(N'2014-07-17' AS Date), CAST(140000 AS Decimal(18, 0)), N'giuamchobe.jpg', N'&lt;p&gt;Giữ ấm l&amp;agrave; một phần quan trọng, đ&amp;oacute;ng vai tr&amp;ograve; giữ g&amp;igrave;n v&amp;agrave; th&amp;uacute; đẩy sự ph&amp;aacute;t triển khỏe mạnh của trẻ. Tuy nhi&amp;ecirc;n, kh&amp;ocirc;ng phải cha mẹ n&amp;agrave;o cũng biết c&amp;aacute;ch giữ ấm cho con. Nhiều b&amp;agrave; mẹ vẫn cho rằng chỉ cần cho con mặc thật nhiều lớp &amp;aacute;o l&amp;agrave; đ&amp;atilde; c&amp;oacute; thể bảo vệ con khỏi c&amp;aacute;i lạnh gi&amp;aacute; của m&amp;ugrave;a đ&amp;ocirc;ng, m&amp;agrave; kh&amp;ocirc;ng để &amp;yacute; tới c&amp;aacute;c hoạt động sinh hoạt hằng ng&amp;agrave;y, th&amp;oacute;i quen ăn uống, đặc t&amp;iacute;nh cơ thể của con,...&lt;/p&gt;

&lt;p&gt;Cuốn s&amp;aacute;ch n&amp;agrave;y sẽ chỉ ra cho c&amp;aacute;c bạn những điểm cần lưu &amp;yacute; trong sinh hoạt hằng ng&amp;agrave;y, c&amp;aacute;c loại thực phẩm d&amp;agrave;nh cho con khi cai sữa, cũng như đề cập đến c&amp;aacute;c c&amp;aacute;ch đối ph&amp;oacute; với những căn bệnh hay những triệu chứng của trẻ. C&amp;aacute;c bạn c&amp;oacute; thể &amp;aacute;p dụng những kiến thức trong cuốn s&amp;aacute;ch n&amp;agrave;y, đồng thời kết hợp với c&amp;aacute;c kinh nghiệm của thế hệ đi trước để t&amp;igrave;m ra một phương ph&amp;aacute;p ph&amp;ugrave; hợp với thể chất của con.&lt;/p&gt;
', 123, 321, 123, 8, 12, 5, 1)
INSERT [dbo].[SANPHAM] ([MaSP], [TenSP], [TacGia], [KichThuoc], [TrongLuong], [NgayPhatHanh], [Gia], [HinhAnh], [MoTa], [LuotXem], [SLNhap], [SLBan], [MaTheLoai], [MaCTPH], [MaNhaXuatBan], [MaTTSP]) VALUES (164, N'Khu Vườn Dâu Đỏ', N'Hương Thảo', N'20 x 24 cm          ', N'378       ', CAST(N'2016-03-24' AS Date), CAST(123000 AS Decimal(18, 0)), N'khuvuon.jpg', N'&lt;p&gt;Tất cả ch&amp;uacute;ng ta đều biết c&amp;oacute; v&amp;ocirc; v&amp;agrave;n loại quả c&amp;oacute; thể trở th&amp;agrave;nh &amp;ldquo;ng&amp;ocirc;i sao&amp;rdquo; cho m&amp;oacute;n b&amp;aacute;nh &amp;ldquo;home cook&amp;rdquo; của bạn nhưng Rau &amp;ndash; Củ l&amp;agrave; một &amp;ldquo;kh&amp;aacute;i niệm&amp;rdquo; ho&amp;agrave;n to&amp;agrave;n kh&amp;aacute;c! Những loại rau củ quen thuộc như Ớt chu&amp;ocirc;ng, Khoai t&amp;acirc;y, S&amp;uacute;p lơ&amp;hellip; c&amp;ugrave;ng với c&amp;ocirc;ng thức từ &amp;ldquo;Khu vườn d&amp;acirc;u đỏ&amp;rdquo;, bạn đ&amp;atilde; c&amp;oacute; m&amp;oacute;n b&amp;aacute;nh khiến bản th&amp;acirc;n thật tự h&amp;agrave;o. L&amp;agrave;m sao để những &amp;ldquo;nguy&amp;ecirc;n liệu v&amp;agrave;ng&amp;rdquo; của thi&amp;ecirc;n nhi&amp;ecirc;n kh&amp;ocirc;ng l&amp;atilde;ng ph&amp;iacute; trong ngăn tủ lạnh? Bạn sẽ t&amp;igrave;m thấy c&amp;acirc;u trả lời trong&amp;nbsp;&lt;b&gt;&lt;i&gt;&amp;ldquo;Khu vườn d&amp;acirc;u đỏ&amp;rdquo;&lt;/i&gt;&lt;/b&gt;&amp;nbsp;của c&amp;ocirc; g&amp;aacute;i y&amp;ecirc;u nấu ăn mang t&amp;ecirc;n đồng nội &amp;ldquo;Hương Thảo&amp;rdquo;.&lt;/p&gt;

&lt;p&gt;Với&amp;nbsp;&lt;b&gt;&lt;i&gt;&amp;ldquo;Khu vườn d&amp;acirc;u đỏ&amp;rdquo;,&lt;/i&gt;&lt;/b&gt;&amp;nbsp;I love Cookbook mong muốn chia sẻ th&amp;ocirc;ng điệp &amp;ldquo;Good Food, Good Life&amp;rdquo;, cổ s&amp;uacute;y xu hướng Healthy Food trong tinh thần nấu bếp của tất cả t&amp;iacute;n đồ ẩm thực. Rau &amp;ndash; Củ - Quả l&amp;agrave; m&amp;oacute;n qu&amp;agrave; qu&amp;yacute; của tự nhi&amp;ecirc;n, h&amp;atilde;y chế biến ch&amp;uacute;ng với t&amp;igrave;nh y&amp;ecirc;u v&amp;agrave; l&amp;ograve;ng cảm tạ.&lt;/p&gt;
', 234, 500, 12, 8, 11, 3, 1)
INSERT [dbo].[SANPHAM] ([MaSP], [TenSP], [TacGia], [KichThuoc], [TrongLuong], [NgayPhatHanh], [Gia], [HinhAnh], [MoTa], [LuotXem], [SLNhap], [SLBan], [MaTheLoai], [MaCTPH], [MaNhaXuatBan], [MaTTSP]) VALUES (165, N'Con Sẽ Làm Được!', N'Donna M. Genett, Ph.D', N'14.5 x 20.5 cm      ', N'132       ', CAST(N'2014-06-16' AS Date), CAST(45000 AS Decimal(18, 0)), N'conselamduoc.jpg', N'&lt;p&gt;Bạn c&amp;oacute; cho rằng điểm số v&amp;agrave; th&amp;agrave;nh t&amp;iacute;ch hiện tại của con bạn chưa thật sự phản &amp;aacute;nh được thực lực của ch&amp;aacute;u?&lt;/p&gt;

&lt;p&gt;C&amp;oacute; phải con bạn lu&amp;ocirc;n hết sức vất vả để c&amp;acirc;n bằng thời gian d&amp;agrave;nh cho việc học h&amp;agrave;nh, thể dục thể thao, nghỉ ngơi v&amp;agrave; c&amp;aacute;c hoạt động ngoại kho&amp;aacute; kh&amp;aacute;c?&lt;/p&gt;

&lt;p&gt;C&amp;oacute; bao giờ bạn cảm thấy th&amp;agrave; m&amp;igrave;nh tự l&amp;agrave;m một việc g&amp;igrave; đ&amp;oacute; c&amp;ograve;n hơn l&amp;agrave; y&amp;ecirc;u cầu c&amp;aacute;c con thực hiện?&lt;/p&gt;

&lt;p&gt;Bạn c&amp;oacute; phải rầy la, tr&amp;aacute;ch mắng để c&amp;aacute;c con phụ gi&amp;uacute;p bạn l&amp;agrave;m việc nh&amp;agrave;?&lt;/p&gt;

&lt;p&gt;Bạn c&amp;oacute; cảm thấy m&amp;igrave;nh lu&amp;ocirc;n kh&amp;ocirc;ng đủ thời gian d&amp;agrave;nh cho gia đ&amp;igrave;nh?&lt;/p&gt;

&lt;p&gt;C&amp;oacute; phải bạn cảm thấy qu&amp;atilde;ng thời gian ở b&amp;ecirc;n gia đ&amp;igrave;nh kh&amp;ocirc;ng được vui vẻ như m&amp;igrave;nh mong đợi?&lt;/p&gt;
', 123, 300, 150, 6, 10, 12, 1)
INSERT [dbo].[SANPHAM] ([MaSP], [TenSP], [TacGia], [KichThuoc], [TrongLuong], [NgayPhatHanh], [Gia], [HinhAnh], [MoTa], [LuotXem], [SLNhap], [SLBan], [MaTheLoai], [MaCTPH], [MaNhaXuatBan], [MaTTSP]) VALUES (166, N'Nuôi Con Khỏe', N'Naomi Moriyama , William Doyle', N'14.5 x 20.5 cm      ', N'270       ', CAST(N'2016-03-24' AS Date), CAST(30000 AS Decimal(18, 0)), N'nuoiconkhoe.jpg', N'&lt;p&gt;Sau th&amp;agrave;nh c&amp;ocirc;ng của cuốn s&amp;aacute;ch đầu ti&amp;ecirc;n B&amp;iacute; quyết phụ nữ Nhật- Trẻ l&amp;acirc;u đẹp d&amp;aacute;ng, cặp đ&amp;ocirc;i t&amp;aacute;c giả Nhật- Mỹ Naomi Moriyama v&amp;agrave; William Doyle đ&amp;atilde; c&amp;ugrave;ng viết một cuốn s&amp;aacute;ch d&amp;agrave;nh cho c&amp;aacute;c b&amp;agrave; mẹ c&amp;oacute; con từ tuổi ăn dặm đến tuổi 19. Để thấy rằng, chuyện &amp;ldquo;vật lộn&amp;rdquo; với bữa ăn của con trẻ kh&amp;ocirc;ng phải l&amp;agrave; ngoại lệ đối với nước Nhật, nhưng bằng dinh dưỡng v&amp;agrave; c&amp;aacute;ch thức tuyệt vời được đ&amp;uacute;c kết th&amp;agrave;nh 7 b&amp;iacute; quyết, c&amp;aacute;c mẹ Nhật đ&amp;atilde; th&amp;agrave;nh c&amp;ocirc;ng trong việc chăm s&amp;oacute;c sức khỏe con trẻ. Để thấy rằng, nước Nhật đạt được vị tr&amp;iacute; số một thế giới về tuổi thọ cao, sức khỏe dồi d&amp;agrave;o v&amp;agrave; c&amp;oacute; tỉ lệ trẻ em b&amp;eacute;o ph&amp;igrave; thấp nhất l&amp;agrave; nhờ chế độ ăn uống, vận động v&amp;agrave; tư duy rất hợp l&amp;yacute;.&lt;/p&gt;

&lt;p&gt;Cuốn s&amp;aacute;ch n&amp;agrave;y l&amp;agrave; tổng hợp những nguy&amp;ecirc;n tắc tuyệt vời, c&amp;oacute; nền tảng khoa học vững chắc nhưng lại rất đơn giản để l&amp;agrave;m theo.&lt;/p&gt;
', 123, 321, 12, 7, 1, 1, 1)
SET IDENTITY_INSERT [dbo].[SANPHAM] OFF
INSERT [dbo].[TAIKHOAN] ([UserName], [Password], [HoTen], [Email], [SDT], [DiaChi], [NgaySinh], [Avatar], [MaTinhTrang], [MaLoai]) VALUES (N'Admin                                             ', N'123456', N'Quản Trị Viên', N'admin@HTCbook.com', N'08858585839', N'135B Trần Hưng Đạo, Q1', CAST(N'1995-09-06' AS Date), N'Admin.jpg', 1, 1)
INSERT [dbo].[TAIKHOAN] ([UserName], [Password], [HoTen], [Email], [SDT], [DiaChi], [NgaySinh], [Avatar], [MaTinhTrang], [MaLoai]) VALUES (N'ThinhLe                                           ', N'mmm', N'Thịnh Lê', N'thinhle@gmail.com', N'0123456789 ', N'Tân Phú, HCM', CAST(N'1990-01-12' AS Date), N'ThinhLe.jpg', 1, 2)
SET IDENTITY_INSERT [dbo].[THELOAI] ON 

INSERT [dbo].[THELOAI] ([MaTheLoai], [TenTheLoai]) VALUES (1, N'Sách Giáo Khoa')
INSERT [dbo].[THELOAI] ([MaTheLoai], [TenTheLoai]) VALUES (2, N'Tiểu Thuyết')
INSERT [dbo].[THELOAI] ([MaTheLoai], [TenTheLoai]) VALUES (3, N'Truyện Tranh')
INSERT [dbo].[THELOAI] ([MaTheLoai], [TenTheLoai]) VALUES (4, N'Kinh Tế')
INSERT [dbo].[THELOAI] ([MaTheLoai], [TenTheLoai]) VALUES (5, N'Văn Học Trong Nước')
INSERT [dbo].[THELOAI] ([MaTheLoai], [TenTheLoai]) VALUES (6, N'Văn Học Nước Ngoài')
INSERT [dbo].[THELOAI] ([MaTheLoai], [TenTheLoai]) VALUES (7, N'Sách Thiếu Nhi')
INSERT [dbo].[THELOAI] ([MaTheLoai], [TenTheLoai]) VALUES (8, N'Kỹ Năng Sống')
SET IDENTITY_INSERT [dbo].[THELOAI] OFF
SET IDENTITY_INSERT [dbo].[TINHTRANGCTPH] ON 

INSERT [dbo].[TINHTRANGCTPH] ([MaTTCTPH], [TenTinhTrang]) VALUES (1, N'Đang hợp tác')
INSERT [dbo].[TINHTRANGCTPH] ([MaTTCTPH], [TenTinhTrang]) VALUES (2, N'Ngừng hợp tác')
SET IDENTITY_INSERT [dbo].[TINHTRANGCTPH] OFF
SET IDENTITY_INSERT [dbo].[TINHTRANGNXB] ON 

INSERT [dbo].[TINHTRANGNXB] ([MaTTNXB], [TenTinhTrang]) VALUES (1, N'Đang hợp tác')
INSERT [dbo].[TINHTRANGNXB] ([MaTTNXB], [TenTinhTrang]) VALUES (2, N'Ngừng hợp tác')
SET IDENTITY_INSERT [dbo].[TINHTRANGNXB] OFF
SET IDENTITY_INSERT [dbo].[TINHTRANGSP] ON 

INSERT [dbo].[TINHTRANGSP] ([MaTinhTrangSP], [TenTinhTrang]) VALUES (1, N'Còn hàng')
INSERT [dbo].[TINHTRANGSP] ([MaTinhTrangSP], [TenTinhTrang]) VALUES (2, N'Hết hàng')
INSERT [dbo].[TINHTRANGSP] ([MaTinhTrangSP], [TenTinhTrang]) VALUES (3, N'Ngừng kinh doanh')
SET IDENTITY_INSERT [dbo].[TINHTRANGSP] OFF
SET IDENTITY_INSERT [dbo].[TINHTRANGUSER] ON 

INSERT [dbo].[TINHTRANGUSER] ([MaTT], [TenTT]) VALUES (1, N'Đã xác thực')
INSERT [dbo].[TINHTRANGUSER] ([MaTT], [TenTT]) VALUES (2, N'Chưa  xác thực')
INSERT [dbo].[TINHTRANGUSER] ([MaTT], [TenTT]) VALUES (3, N'Khóa')
SET IDENTITY_INSERT [dbo].[TINHTRANGUSER] OFF
ALTER TABLE [dbo].[AspNetUserClaims]  WITH CHECK ADD  CONSTRAINT [FK_dbo.AspNetUserClaims_dbo.AspNetUsers_User_Id] FOREIGN KEY([User_Id])
REFERENCES [dbo].[AspNetUsers] ([Id])
ON DELETE CASCADE
GO
ALTER TABLE [dbo].[AspNetUserClaims] CHECK CONSTRAINT [FK_dbo.AspNetUserClaims_dbo.AspNetUsers_User_Id]
GO
ALTER TABLE [dbo].[AspNetUserLogins]  WITH CHECK ADD  CONSTRAINT [FK_dbo.AspNetUserLogins_dbo.AspNetUsers_UserId] FOREIGN KEY([UserId])
REFERENCES [dbo].[AspNetUsers] ([Id])
ON DELETE CASCADE
GO
ALTER TABLE [dbo].[AspNetUserLogins] CHECK CONSTRAINT [FK_dbo.AspNetUserLogins_dbo.AspNetUsers_UserId]
GO
ALTER TABLE [dbo].[AspNetUserRoles]  WITH CHECK ADD  CONSTRAINT [FK_dbo.AspNetUserRoles_dbo.AspNetRoles_RoleId] FOREIGN KEY([RoleId])
REFERENCES [dbo].[AspNetRoles] ([Id])
ON DELETE CASCADE
GO
ALTER TABLE [dbo].[AspNetUserRoles] CHECK CONSTRAINT [FK_dbo.AspNetUserRoles_dbo.AspNetRoles_RoleId]
GO
ALTER TABLE [dbo].[AspNetUserRoles]  WITH CHECK ADD  CONSTRAINT [FK_dbo.AspNetUserRoles_dbo.AspNetUsers_UserId] FOREIGN KEY([UserId])
REFERENCES [dbo].[AspNetUsers] ([Id])
ON DELETE CASCADE
GO
ALTER TABLE [dbo].[AspNetUserRoles] CHECK CONSTRAINT [FK_dbo.AspNetUserRoles_dbo.AspNetUsers_UserId]
GO
ALTER TABLE [dbo].[CTYPHATHANH]  WITH CHECK ADD  CONSTRAINT [FK_CTYPHATHANH_TINHTRANGCTPH] FOREIGN KEY([MaTinhTrangCTPH])
REFERENCES [dbo].[TINHTRANGCTPH] ([MaTTCTPH])
GO
ALTER TABLE [dbo].[CTYPHATHANH] CHECK CONSTRAINT [FK_CTYPHATHANH_TINHTRANGCTPH]
GO
ALTER TABLE [dbo].[NXB]  WITH CHECK ADD  CONSTRAINT [FK_NXB_TINHTRANGNXB] FOREIGN KEY([MaTinhTrangNXB])
REFERENCES [dbo].[TINHTRANGNXB] ([MaTTNXB])
GO
ALTER TABLE [dbo].[NXB] CHECK CONSTRAINT [FK_NXB_TINHTRANGNXB]
GO
ALTER TABLE [dbo].[SANPHAM]  WITH CHECK ADD  CONSTRAINT [FK_SANPHAM_CTYPHATHANH] FOREIGN KEY([MaCTPH])
REFERENCES [dbo].[CTYPHATHANH] ([MaCTPH])
GO
ALTER TABLE [dbo].[SANPHAM] CHECK CONSTRAINT [FK_SANPHAM_CTYPHATHANH]
GO
ALTER TABLE [dbo].[SANPHAM]  WITH CHECK ADD  CONSTRAINT [FK_SANPHAM_NXB] FOREIGN KEY([MaNhaXuatBan])
REFERENCES [dbo].[NXB] ([MaNXB])
GO
ALTER TABLE [dbo].[SANPHAM] CHECK CONSTRAINT [FK_SANPHAM_NXB]
GO
ALTER TABLE [dbo].[SANPHAM]  WITH CHECK ADD  CONSTRAINT [FK_SANPHAM_THELOAI2] FOREIGN KEY([MaTheLoai])
REFERENCES [dbo].[THELOAI] ([MaTheLoai])
GO
ALTER TABLE [dbo].[SANPHAM] CHECK CONSTRAINT [FK_SANPHAM_THELOAI2]
GO
ALTER TABLE [dbo].[SANPHAM]  WITH CHECK ADD  CONSTRAINT [FK_SANPHAM_TINHTRANGSP] FOREIGN KEY([MaTTSP])
REFERENCES [dbo].[TINHTRANGSP] ([MaTinhTrangSP])
GO
ALTER TABLE [dbo].[SANPHAM] CHECK CONSTRAINT [FK_SANPHAM_TINHTRANGSP]
GO
ALTER TABLE [dbo].[TAIKHOAN]  WITH CHECK ADD  CONSTRAINT [FK_TAIKHOAN_LOAIUSER] FOREIGN KEY([MaLoai])
REFERENCES [dbo].[LOAIUSER] ([MaLoaiUser])
GO
ALTER TABLE [dbo].[TAIKHOAN] CHECK CONSTRAINT [FK_TAIKHOAN_LOAIUSER]
GO
ALTER TABLE [dbo].[TAIKHOAN]  WITH CHECK ADD  CONSTRAINT [FK_TAIKHOAN_TINHTRANGUSER1] FOREIGN KEY([MaTinhTrang])
REFERENCES [dbo].[TINHTRANGUSER] ([MaTT])
GO
ALTER TABLE [dbo].[TAIKHOAN] CHECK CONSTRAINT [FK_TAIKHOAN_TINHTRANGUSER1]
GO
EXEC sys.sp_addextendedproperty @name=N'MS_DiagramPane1', @value=N'[0E232FF0-B466-11cf-A24F-00AA00A3EFFF, 1.00]
Begin DesignProperties = 
   Begin PaneConfigurations = 
      Begin PaneConfiguration = 0
         NumPanes = 4
         Configuration = "(H (1[40] 4[20] 2[20] 3) )"
      End
      Begin PaneConfiguration = 1
         NumPanes = 3
         Configuration = "(H (1 [50] 4 [25] 3))"
      End
      Begin PaneConfiguration = 2
         NumPanes = 3
         Configuration = "(H (1 [50] 2 [25] 3))"
      End
      Begin PaneConfiguration = 3
         NumPanes = 3
         Configuration = "(H (4 [30] 2 [40] 3))"
      End
      Begin PaneConfiguration = 4
         NumPanes = 2
         Configuration = "(H (1 [56] 3))"
      End
      Begin PaneConfiguration = 5
         NumPanes = 2
         Configuration = "(H (2 [66] 3))"
      End
      Begin PaneConfiguration = 6
         NumPanes = 2
         Configuration = "(H (4 [50] 3))"
      End
      Begin PaneConfiguration = 7
         NumPanes = 1
         Configuration = "(V (3))"
      End
      Begin PaneConfiguration = 8
         NumPanes = 3
         Configuration = "(H (1[56] 4[18] 2) )"
      End
      Begin PaneConfiguration = 9
         NumPanes = 2
         Configuration = "(H (1 [75] 4))"
      End
      Begin PaneConfiguration = 10
         NumPanes = 2
         Configuration = "(H (1[66] 2) )"
      End
      Begin PaneConfiguration = 11
         NumPanes = 2
         Configuration = "(H (4 [60] 2))"
      End
      Begin PaneConfiguration = 12
         NumPanes = 1
         Configuration = "(H (1) )"
      End
      Begin PaneConfiguration = 13
         NumPanes = 1
         Configuration = "(V (4))"
      End
      Begin PaneConfiguration = 14
         NumPanes = 1
         Configuration = "(V (2))"
      End
      ActivePaneConfig = 0
   End
   Begin DiagramPane = 
      Begin Origin = 
         Top = 0
         Left = 0
      End
      Begin Tables = 
         Begin Table = "CTYPHATHANH"
            Begin Extent = 
               Top = 6
               Left = 38
               Bottom = 110
               Right = 215
            End
            DisplayFlags = 280
            TopColumn = 0
         End
         Begin Table = "SANPHAM"
            Begin Extent = 
               Top = 6
               Left = 253
               Bottom = 125
               Right = 415
            End
            DisplayFlags = 280
            TopColumn = 0
         End
      End
   End
   Begin SQLPane = 
   End
   Begin DataPane = 
      Begin ParameterDefaults = ""
      End
      Begin ColumnWidths = 9
         Width = 284
         Width = 1500
         Width = 1500
         Width = 1500
         Width = 1500
         Width = 1500
         Width = 1500
         Width = 1500
         Width = 1500
      End
   End
   Begin CriteriaPane = 
      Begin ColumnWidths = 11
         Column = 1440
         Alias = 900
         Table = 1170
         Output = 720
         Append = 1400
         NewValue = 1170
         SortType = 1350
         SortOrder = 1410
         GroupBy = 1350
         Filter = 1350
         Or = 1350
         Or = 1350
         Or = 1350
      End
   End
End
' , @level0type=N'SCHEMA',@level0name=N'dbo', @level1type=N'VIEW',@level1name=N'ViewCTPH'
GO
EXEC sys.sp_addextendedproperty @name=N'MS_DiagramPaneCount', @value=1 , @level0type=N'SCHEMA',@level0name=N'dbo', @level1type=N'VIEW',@level1name=N'ViewCTPH'
GO
EXEC sys.sp_addextendedproperty @name=N'MS_DiagramPane1', @value=N'[0E232FF0-B466-11cf-A24F-00AA00A3EFFF, 1.00]
Begin DesignProperties = 
   Begin PaneConfigurations = 
      Begin PaneConfiguration = 0
         NumPanes = 4
         Configuration = "(H (1[40] 4[20] 2[20] 3) )"
      End
      Begin PaneConfiguration = 1
         NumPanes = 3
         Configuration = "(H (1 [50] 4 [25] 3))"
      End
      Begin PaneConfiguration = 2
         NumPanes = 3
         Configuration = "(H (1 [50] 2 [25] 3))"
      End
      Begin PaneConfiguration = 3
         NumPanes = 3
         Configuration = "(H (4 [30] 2 [40] 3))"
      End
      Begin PaneConfiguration = 4
         NumPanes = 2
         Configuration = "(H (1 [56] 3))"
      End
      Begin PaneConfiguration = 5
         NumPanes = 2
         Configuration = "(H (2 [66] 3))"
      End
      Begin PaneConfiguration = 6
         NumPanes = 2
         Configuration = "(H (4 [50] 3))"
      End
      Begin PaneConfiguration = 7
         NumPanes = 1
         Configuration = "(V (3))"
      End
      Begin PaneConfiguration = 8
         NumPanes = 3
         Configuration = "(H (1[56] 4[18] 2) )"
      End
      Begin PaneConfiguration = 9
         NumPanes = 2
         Configuration = "(H (1 [75] 4))"
      End
      Begin PaneConfiguration = 10
         NumPanes = 2
         Configuration = "(H (1[66] 2) )"
      End
      Begin PaneConfiguration = 11
         NumPanes = 2
         Configuration = "(H (4 [60] 2))"
      End
      Begin PaneConfiguration = 12
         NumPanes = 1
         Configuration = "(H (1) )"
      End
      Begin PaneConfiguration = 13
         NumPanes = 1
         Configuration = "(V (4))"
      End
      Begin PaneConfiguration = 14
         NumPanes = 1
         Configuration = "(V (2))"
      End
      ActivePaneConfig = 0
   End
   Begin DiagramPane = 
      Begin Origin = 
         Top = 0
         Left = 0
      End
      Begin Tables = 
         Begin Table = "AspNetUsers"
            Begin Extent = 
               Top = 6
               Left = 38
               Bottom = 136
               Right = 208
            End
            DisplayFlags = 280
            TopColumn = 0
         End
         Begin Table = "HOADON"
            Begin Extent = 
               Top = 32
               Left = 335
               Bottom = 162
               Right = 512
            End
            DisplayFlags = 280
            TopColumn = 0
         End
      End
   End
   Begin SQLPane = 
   End
   Begin DataPane = 
      Begin ParameterDefaults = ""
      End
   End
   Begin CriteriaPane = 
      Begin ColumnWidths = 11
         Column = 1440
         Alias = 900
         Table = 1170
         Output = 720
         Append = 1400
         NewValue = 1170
         SortType = 1350
         SortOrder = 1410
         GroupBy = 1350
         Filter = 1350
         Or = 1350
         Or = 1350
         Or = 1350
      End
   End
End
' , @level0type=N'SCHEMA',@level0name=N'dbo', @level1type=N'VIEW',@level1name=N'ViewHOADON'
GO
EXEC sys.sp_addextendedproperty @name=N'MS_DiagramPaneCount', @value=1 , @level0type=N'SCHEMA',@level0name=N'dbo', @level1type=N'VIEW',@level1name=N'ViewHOADON'
GO
EXEC sys.sp_addextendedproperty @name=N'MS_DiagramPane1', @value=N'[0E232FF0-B466-11cf-A24F-00AA00A3EFFF, 1.00]
Begin DesignProperties = 
   Begin PaneConfigurations = 
      Begin PaneConfiguration = 0
         NumPanes = 4
         Configuration = "(H (1[40] 4[20] 2[20] 3) )"
      End
      Begin PaneConfiguration = 1
         NumPanes = 3
         Configuration = "(H (1 [50] 4 [25] 3))"
      End
      Begin PaneConfiguration = 2
         NumPanes = 3
         Configuration = "(H (1 [50] 2 [25] 3))"
      End
      Begin PaneConfiguration = 3
         NumPanes = 3
         Configuration = "(H (4 [30] 2 [40] 3))"
      End
      Begin PaneConfiguration = 4
         NumPanes = 2
         Configuration = "(H (1 [56] 3))"
      End
      Begin PaneConfiguration = 5
         NumPanes = 2
         Configuration = "(H (2 [66] 3))"
      End
      Begin PaneConfiguration = 6
         NumPanes = 2
         Configuration = "(H (4 [50] 3))"
      End
      Begin PaneConfiguration = 7
         NumPanes = 1
         Configuration = "(V (3))"
      End
      Begin PaneConfiguration = 8
         NumPanes = 3
         Configuration = "(H (1[56] 4[18] 2) )"
      End
      Begin PaneConfiguration = 9
         NumPanes = 2
         Configuration = "(H (1 [75] 4))"
      End
      Begin PaneConfiguration = 10
         NumPanes = 2
         Configuration = "(H (1[66] 2) )"
      End
      Begin PaneConfiguration = 11
         NumPanes = 2
         Configuration = "(H (4 [60] 2))"
      End
      Begin PaneConfiguration = 12
         NumPanes = 1
         Configuration = "(H (1) )"
      End
      Begin PaneConfiguration = 13
         NumPanes = 1
         Configuration = "(V (4))"
      End
      Begin PaneConfiguration = 14
         NumPanes = 1
         Configuration = "(V (2))"
      End
      ActivePaneConfig = 0
   End
   Begin DiagramPane = 
      Begin Origin = 
         Top = 0
         Left = 0
      End
      Begin Tables = 
         Begin Table = "NXB"
            Begin Extent = 
               Top = 6
               Left = 38
               Bottom = 119
               Right = 222
            End
            DisplayFlags = 280
            TopColumn = 0
         End
         Begin Table = "SANPHAM"
            Begin Extent = 
               Top = 6
               Left = 260
               Bottom = 136
               Right = 432
            End
            DisplayFlags = 280
            TopColumn = 0
         End
         Begin Table = "TINHTRANGNXB"
            Begin Extent = 
               Top = 51
               Left = 576
               Bottom = 147
               Right = 746
            End
            DisplayFlags = 280
            TopColumn = 0
         End
      End
   End
   Begin SQLPane = 
   End
   Begin DataPane = 
      Begin ParameterDefaults = ""
      End
   End
   Begin CriteriaPane = 
      Begin ColumnWidths = 11
         Column = 1440
         Alias = 900
         Table = 1170
         Output = 720
         Append = 1400
         NewValue = 1170
         SortType = 1350
         SortOrder = 1410
         GroupBy = 1350
         Filter = 1350
         Or = 1350
         Or = 1350
         Or = 1350
      End
   End
End
' , @level0type=N'SCHEMA',@level0name=N'dbo', @level1type=N'VIEW',@level1name=N'ViewNXB'
GO
EXEC sys.sp_addextendedproperty @name=N'MS_DiagramPaneCount', @value=1 , @level0type=N'SCHEMA',@level0name=N'dbo', @level1type=N'VIEW',@level1name=N'ViewNXB'
GO
EXEC sys.sp_addextendedproperty @name=N'MS_DiagramPane1', @value=N'[0E232FF0-B466-11cf-A24F-00AA00A3EFFF, 1.00]
Begin DesignProperties = 
   Begin PaneConfigurations = 
      Begin PaneConfiguration = 0
         NumPanes = 4
         Configuration = "(H (1[40] 4[20] 2[20] 3) )"
      End
      Begin PaneConfiguration = 1
         NumPanes = 3
         Configuration = "(H (1 [50] 4 [25] 3))"
      End
      Begin PaneConfiguration = 2
         NumPanes = 3
         Configuration = "(H (1 [50] 2 [25] 3))"
      End
      Begin PaneConfiguration = 3
         NumPanes = 3
         Configuration = "(H (4 [30] 2 [40] 3))"
      End
      Begin PaneConfiguration = 4
         NumPanes = 2
         Configuration = "(H (1 [56] 3))"
      End
      Begin PaneConfiguration = 5
         NumPanes = 2
         Configuration = "(H (2 [66] 3))"
      End
      Begin PaneConfiguration = 6
         NumPanes = 2
         Configuration = "(H (4 [50] 3))"
      End
      Begin PaneConfiguration = 7
         NumPanes = 1
         Configuration = "(V (3))"
      End
      Begin PaneConfiguration = 8
         NumPanes = 3
         Configuration = "(H (1[56] 4[18] 2) )"
      End
      Begin PaneConfiguration = 9
         NumPanes = 2
         Configuration = "(H (1 [75] 4))"
      End
      Begin PaneConfiguration = 10
         NumPanes = 2
         Configuration = "(H (1[66] 2) )"
      End
      Begin PaneConfiguration = 11
         NumPanes = 2
         Configuration = "(H (4 [60] 2))"
      End
      Begin PaneConfiguration = 12
         NumPanes = 1
         Configuration = "(H (1) )"
      End
      Begin PaneConfiguration = 13
         NumPanes = 1
         Configuration = "(V (4))"
      End
      Begin PaneConfiguration = 14
         NumPanes = 1
         Configuration = "(V (2))"
      End
      ActivePaneConfig = 0
   End
   Begin DiagramPane = 
      Begin Origin = 
         Top = 0
         Left = 0
      End
      Begin Tables = 
         Begin Table = "NXB"
            Begin Extent = 
               Top = 6
               Left = 38
               Bottom = 119
               Right = 222
            End
            DisplayFlags = 280
            TopColumn = 0
         End
         Begin Table = "TINHTRANGNXB"
            Begin Extent = 
               Top = 6
               Left = 260
               Bottom = 102
               Right = 430
            End
            DisplayFlags = 280
            TopColumn = 0
         End
      End
   End
   Begin SQLPane = 
   End
   Begin DataPane = 
      Begin ParameterDefaults = ""
      End
   End
   Begin CriteriaPane = 
      Begin ColumnWidths = 11
         Column = 1440
         Alias = 900
         Table = 1170
         Output = 720
         Append = 1400
         NewValue = 1170
         SortType = 1350
         SortOrder = 1410
         GroupBy = 1350
         Filter = 1350
         Or = 1350
         Or = 1350
         Or = 1350
      End
   End
End
' , @level0type=N'SCHEMA',@level0name=N'dbo', @level1type=N'VIEW',@level1name=N'ViewNXB2'
GO
EXEC sys.sp_addextendedproperty @name=N'MS_DiagramPaneCount', @value=1 , @level0type=N'SCHEMA',@level0name=N'dbo', @level1type=N'VIEW',@level1name=N'ViewNXB2'
GO
EXEC sys.sp_addextendedproperty @name=N'MS_DiagramPane1', @value=N'[0E232FF0-B466-11cf-A24F-00AA00A3EFFF, 1.00]
Begin DesignProperties = 
   Begin PaneConfigurations = 
      Begin PaneConfiguration = 0
         NumPanes = 4
         Configuration = "(H (1[50] 4[11] 2[21] 3) )"
      End
      Begin PaneConfiguration = 1
         NumPanes = 3
         Configuration = "(H (1 [50] 4 [25] 3))"
      End
      Begin PaneConfiguration = 2
         NumPanes = 3
         Configuration = "(H (1 [50] 2 [25] 3))"
      End
      Begin PaneConfiguration = 3
         NumPanes = 3
         Configuration = "(H (4 [30] 2 [40] 3))"
      End
      Begin PaneConfiguration = 4
         NumPanes = 2
         Configuration = "(H (1 [56] 3))"
      End
      Begin PaneConfiguration = 5
         NumPanes = 2
         Configuration = "(H (2 [66] 3))"
      End
      Begin PaneConfiguration = 6
         NumPanes = 2
         Configuration = "(H (4 [50] 3))"
      End
      Begin PaneConfiguration = 7
         NumPanes = 1
         Configuration = "(V (3))"
      End
      Begin PaneConfiguration = 8
         NumPanes = 3
         Configuration = "(H (1[56] 4[18] 2) )"
      End
      Begin PaneConfiguration = 9
         NumPanes = 2
         Configuration = "(H (1 [75] 4))"
      End
      Begin PaneConfiguration = 10
         NumPanes = 2
         Configuration = "(H (1[66] 2) )"
      End
      Begin PaneConfiguration = 11
         NumPanes = 2
         Configuration = "(H (4 [60] 2))"
      End
      Begin PaneConfiguration = 12
         NumPanes = 1
         Configuration = "(H (1) )"
      End
      Begin PaneConfiguration = 13
         NumPanes = 1
         Configuration = "(V (4))"
      End
      Begin PaneConfiguration = 14
         NumPanes = 1
         Configuration = "(V (2))"
      End
      ActivePaneConfig = 0
   End
   Begin DiagramPane = 
      Begin Origin = 
         Top = 0
         Left = 0
      End
      Begin Tables = 
         Begin Table = "CTYPHATHANH"
            Begin Extent = 
               Top = 6
               Left = 38
               Bottom = 119
               Right = 230
            End
            DisplayFlags = 280
            TopColumn = 0
         End
         Begin Table = "SANPHAM"
            Begin Extent = 
               Top = 0
               Left = 392
               Bottom = 130
               Right = 564
            End
            DisplayFlags = 280
            TopColumn = 0
         End
         Begin Table = "NXB"
            Begin Extent = 
               Top = 96
               Left = 90
               Bottom = 209
               Right = 274
            End
            DisplayFlags = 280
            TopColumn = 0
         End
         Begin Table = "THELOAI"
            Begin Extent = 
               Top = 6
               Left = 700
               Bottom = 102
               Right = 870
            End
            DisplayFlags = 280
            TopColumn = 0
         End
         Begin Table = "TINHTRANGSP"
            Begin Extent = 
               Top = 102
               Left = 700
               Bottom = 198
               Right = 874
            End
            DisplayFlags = 280
            TopColumn = 0
         End
      End
   End
   Begin SQLPane = 
   End
   Begin DataPane = 
      Begin ParameterDefaults = ""
      End
      Begin ColumnWidths = 10
         Width = 284
         Width = 1500
         Width = 1500
         Width = 1500
         Width = 1500
         Width = 1500
         Width = 1500
         Width = 1500
         Width = 1500
         Width = 1500
      End
   End
   Begin CriteriaPane = 
      Begin ColumnWidths = 11
         Column = 1440
     ' , @level0type=N'SCHEMA',@level0name=N'dbo', @level1type=N'VIEW',@level1name=N'ViewSANPHAM'
GO
EXEC sys.sp_addextendedproperty @name=N'MS_DiagramPane2', @value=N'    Alias = 900
         Table = 1170
         Output = 720
         Append = 1400
         NewValue = 1170
         SortType = 1350
         SortOrder = 1410
         GroupBy = 1350
         Filter = 1350
         Or = 1350
         Or = 1350
         Or = 1350
      End
   End
End
' , @level0type=N'SCHEMA',@level0name=N'dbo', @level1type=N'VIEW',@level1name=N'ViewSANPHAM'
GO
EXEC sys.sp_addextendedproperty @name=N'MS_DiagramPaneCount', @value=2 , @level0type=N'SCHEMA',@level0name=N'dbo', @level1type=N'VIEW',@level1name=N'ViewSANPHAM'
GO
EXEC sys.sp_addextendedproperty @name=N'MS_DiagramPane1', @value=N'[0E232FF0-B466-11cf-A24F-00AA00A3EFFF, 1.00]
Begin DesignProperties = 
   Begin PaneConfigurations = 
      Begin PaneConfiguration = 0
         NumPanes = 4
         Configuration = "(H (1[40] 4[20] 2[20] 3) )"
      End
      Begin PaneConfiguration = 1
         NumPanes = 3
         Configuration = "(H (1 [50] 4 [25] 3))"
      End
      Begin PaneConfiguration = 2
         NumPanes = 3
         Configuration = "(H (1 [50] 2 [25] 3))"
      End
      Begin PaneConfiguration = 3
         NumPanes = 3
         Configuration = "(H (4 [30] 2 [40] 3))"
      End
      Begin PaneConfiguration = 4
         NumPanes = 2
         Configuration = "(H (1 [56] 3))"
      End
      Begin PaneConfiguration = 5
         NumPanes = 2
         Configuration = "(H (2 [66] 3))"
      End
      Begin PaneConfiguration = 6
         NumPanes = 2
         Configuration = "(H (4 [50] 3))"
      End
      Begin PaneConfiguration = 7
         NumPanes = 1
         Configuration = "(V (3))"
      End
      Begin PaneConfiguration = 8
         NumPanes = 3
         Configuration = "(H (1[56] 4[18] 2) )"
      End
      Begin PaneConfiguration = 9
         NumPanes = 2
         Configuration = "(H (1 [75] 4))"
      End
      Begin PaneConfiguration = 10
         NumPanes = 2
         Configuration = "(H (1[66] 2) )"
      End
      Begin PaneConfiguration = 11
         NumPanes = 2
         Configuration = "(H (4 [60] 2))"
      End
      Begin PaneConfiguration = 12
         NumPanes = 1
         Configuration = "(H (1) )"
      End
      Begin PaneConfiguration = 13
         NumPanes = 1
         Configuration = "(V (4))"
      End
      Begin PaneConfiguration = 14
         NumPanes = 1
         Configuration = "(V (2))"
      End
      ActivePaneConfig = 0
   End
   Begin DiagramPane = 
      Begin Origin = 
         Top = 0
         Left = 0
      End
      Begin Tables = 
         Begin Table = "SANPHAM"
            Begin Extent = 
               Top = 6
               Left = 38
               Bottom = 125
               Right = 200
            End
            DisplayFlags = 280
            TopColumn = 0
         End
         Begin Table = "THELOAI"
            Begin Extent = 
               Top = 6
               Left = 238
               Bottom = 95
               Right = 398
            End
            DisplayFlags = 280
            TopColumn = 0
         End
      End
   End
   Begin SQLPane = 
   End
   Begin DataPane = 
      Begin ParameterDefaults = ""
      End
      Begin ColumnWidths = 9
         Width = 284
         Width = 1500
         Width = 1500
         Width = 1500
         Width = 1500
         Width = 1500
         Width = 1500
         Width = 1500
         Width = 1500
      End
   End
   Begin CriteriaPane = 
      Begin ColumnWidths = 11
         Column = 1440
         Alias = 900
         Table = 1170
         Output = 720
         Append = 1400
         NewValue = 1170
         SortType = 1350
         SortOrder = 1410
         GroupBy = 1350
         Filter = 1350
         Or = 1350
         Or = 1350
         Or = 1350
      End
   End
End
' , @level0type=N'SCHEMA',@level0name=N'dbo', @level1type=N'VIEW',@level1name=N'ViewTHELOAI'
GO
EXEC sys.sp_addextendedproperty @name=N'MS_DiagramPaneCount', @value=1 , @level0type=N'SCHEMA',@level0name=N'dbo', @level1type=N'VIEW',@level1name=N'ViewTHELOAI'
GO
EXEC sys.sp_addextendedproperty @name=N'MS_DiagramPane1', @value=N'[0E232FF0-B466-11cf-A24F-00AA00A3EFFF, 1.00]
Begin DesignProperties = 
   Begin PaneConfigurations = 
      Begin PaneConfiguration = 0
         NumPanes = 4
         Configuration = "(H (1[52] 4[9] 2[21] 3) )"
      End
      Begin PaneConfiguration = 1
         NumPanes = 3
         Configuration = "(H (1 [50] 4 [25] 3))"
      End
      Begin PaneConfiguration = 2
         NumPanes = 3
         Configuration = "(H (1 [50] 2 [25] 3))"
      End
      Begin PaneConfiguration = 3
         NumPanes = 3
         Configuration = "(H (4 [30] 2 [40] 3))"
      End
      Begin PaneConfiguration = 4
         NumPanes = 2
         Configuration = "(H (1 [56] 3))"
      End
      Begin PaneConfiguration = 5
         NumPanes = 2
         Configuration = "(H (2 [66] 3))"
      End
      Begin PaneConfiguration = 6
         NumPanes = 2
         Configuration = "(H (4 [50] 3))"
      End
      Begin PaneConfiguration = 7
         NumPanes = 1
         Configuration = "(V (3))"
      End
      Begin PaneConfiguration = 8
         NumPanes = 3
         Configuration = "(H (1[56] 4[18] 2) )"
      End
      Begin PaneConfiguration = 9
         NumPanes = 2
         Configuration = "(H (1 [75] 4))"
      End
      Begin PaneConfiguration = 10
         NumPanes = 2
         Configuration = "(H (1[66] 2) )"
      End
      Begin PaneConfiguration = 11
         NumPanes = 2
         Configuration = "(H (4 [60] 2))"
      End
      Begin PaneConfiguration = 12
         NumPanes = 1
         Configuration = "(H (1) )"
      End
      Begin PaneConfiguration = 13
         NumPanes = 1
         Configuration = "(V (4))"
      End
      Begin PaneConfiguration = 14
         NumPanes = 1
         Configuration = "(V (2))"
      End
      ActivePaneConfig = 0
   End
   Begin DiagramPane = 
      Begin Origin = 
         Top = 0
         Left = 0
      End
      Begin Tables = 
         Begin Table = "AspNetRoles"
            Begin Extent = 
               Top = 150
               Left = 467
               Bottom = 246
               Right = 637
            End
            DisplayFlags = 280
            TopColumn = 0
         End
         Begin Table = "AspNetUserRoles"
            Begin Extent = 
               Top = 46
               Left = 133
               Bottom = 142
               Right = 340
            End
            DisplayFlags = 280
            TopColumn = 0
         End
         Begin Table = "AspNetUsers"
            Begin Extent = 
               Top = 0
               Left = 702
               Bottom = 266
               Right = 872
            End
            DisplayFlags = 280
            TopColumn = 0
         End
      End
   End
   Begin SQLPane = 
   End
   Begin DataPane = 
      Begin ParameterDefaults = ""
      End
   End
   Begin CriteriaPane = 
      Begin ColumnWidths = 11
         Column = 1440
         Alias = 900
         Table = 1170
         Output = 720
         Append = 1400
         NewValue = 1170
         SortType = 1350
         SortOrder = 1410
         GroupBy = 1350
         Filter = 1350
         Or = 1350
         Or = 1350
         Or = 1350
      End
   End
End
' , @level0type=N'SCHEMA',@level0name=N'dbo', @level1type=N'VIEW',@level1name=N'ViewUser'
GO
EXEC sys.sp_addextendedproperty @name=N'MS_DiagramPaneCount', @value=1 , @level0type=N'SCHEMA',@level0name=N'dbo', @level1type=N'VIEW',@level1name=N'ViewUser'
GO
